Date,Close
2007-09-17,6897.1001
2007-09-18,7059.6499
2007-09-19,7401.8501
2007-09-20,7390.1499
2007-09-21,7464.5
2007-09-24,7650.8999
2007-09-25,7629.1499
2007-09-26,7755.8999
2007-09-27,7833.6499
2007-09-28,8042.2002
2007-10-01,7987.5
2007-10-03,8097.8999
2007-10-04,8035.8999
2007-10-05,7845.25
2007-10-08,7626.3999
2007-10-09,7895.8501
2007-10-10,8030.6499
2007-10-11,8158.7998
2007-10-12,7934.0
2007-10-15,8286.2998
2007-10-16,8452.2002
2007-10-17,8099.8999
2007-10-18,7608.75
2007-10-19,7423.7998
2007-10-22,7568.0
2007-10-23,8101.1001
2007-10-24,8228.6504
2007-10-25,8428.6504
2007-10-26,8749.9004
2007-10-29,9000.75
2007-10-30,8934.1504
2007-10-31,9013.1504
2007-11-01,9198.5996
2007-11-02,9560.7002
2007-11-05,9397.5498
2007-11-06,9216.2998
2007-11-07,9090.2002
2007-11-08,8876.25
2007-11-12,8758.2002
2007-11-13,9060.0
2007-11-14,9613.0498
2007-11-15,9454.7002
2007-11-16,9474.1504
2007-11-19,9396.25
2007-11-20,9277.8496
2007-11-21,8829.7998
2007-11-22,8998.7998
2007-11-23,8977.9004
2007-11-26,9122.4502
2007-11-27,9070.75
2007-11-28,8970.8496
2007-11-29,9124.4004
2007-11-30,9375.75
2007-12-03,9397.5498
2007-12-04,9367.0996
2007-12-05,9581.2998
2007-12-06,9620.1504
2007-12-07,9796.0996
2007-12-10,9864.5996
2007-12-11,10090.7002
2007-12-12,10056.7002
2007-12-13,9920.4502
2007-12-14,9803.1504
2007-12-17,9426.7002
2007-12-18,9279.2002
2007-12-19,9240.3496
2007-12-20,9245.4502
2007-12-24,9563.5498
2007-12-26,9755.2002
2007-12-27,9785.0498
2007-12-28,9828.3496
2007-12-31,9863.4502
2008-01-01,9905.25
2008-01-02,10250.8496
2008-01-03,10100.7002
2008-01-04,10233.2002
2008-01-07,10391.0996
2008-01-08,10355.5996
2008-01-09,10306.4502
2008-01-10,10266.8496
2008-01-11,10561.5498
2008-01-14,10698.3496
2008-01-15,10465.7002
2008-01-16,10346.9502
2008-01-17,10261.5
2008-01-18,9739.9004
2008-01-21,9038.9502
2008-01-22,8682.4502
2008-01-23,9259.2002
2008-01-24,9133.8496
2008-01-25,9752.25
2008-01-28,9901.9004
2008-01-29,9569.5996
2008-01-30,9404.1504
2008-01-31,9226.25
2008-02-01,9327.0498
2008-02-04,9561.5
2008-02-05,9397.7998
2008-02-06,9185.6504
2008-02-07,8960.4502
2008-02-08,8817.0
2008-02-11,8419.25
2008-02-12,8512.3496
2008-02-13,8748.75
2008-02-14,9125.2002
2008-02-15,9380.0498
2008-02-18,9404.2002
2008-02-19,9423.4502
2008-02-20,9129.0996
2008-02-21,8946.2002
2008-02-22,8685.0996
2008-02-25,8666.5
2008-02-26,8742.25
2008-02-27,8719.5996
2008-02-28,8608.25
2008-02-29,8688.3496
2008-03-03,8047.4502
2008-03-04,7736.6001
2008-03-05,7588.3501
2008-03-07,7268.1499
2008-03-10,7272.5
2008-03-11,7356.3999
2008-03-12,7341.5498
2008-03-13,6914.6499
2008-03-14,7106.0
2008-03-17,6556.2002
2008-03-18,6472.7998
2008-03-19,6456.5498
2008-03-24,6634.6001
2008-03-25,7147.1499
2008-03-26,7120.8999
2008-03-27,6969.2998
2008-03-28,7037.8501
2008-03-31,6655.0
2008-04-01,6608.1001
2008-04-02,6772.7002
2008-04-03,6746.1001
2008-04-04,6545.1499
2008-04-07,6832.3999
2008-04-08,6862.7002
2008-04-09,7059.5498
2008-04-10,6872.8501
2008-04-11,6838.4502
2008-04-15,6916.75
2008-04-16,6951.8999
2008-04-17,7165.0498
2008-04-21,7425.4502
2008-04-22,7520.8999
2008-04-23,7378.0498
2008-04-24,7391.8999
2008-04-25,7616.2998
2008-04-28,7590.0498
2008-04-29,7737.4502
2008-04-30,7629.0
2008-05-02,7871.8999
2008-05-05,7851.5
2008-05-06,7814.5498
2008-05-07,7743.6001
2008-05-08,7518.7998
2008-05-09,7299.0
2008-05-12,7330.5498
2008-05-13,7340.9502
2008-05-14,7324.8501
2008-05-15,7508.1499
2008-05-16,7644.6001
2008-05-20,7459.2002
2008-05-21,7374.25
2008-05-22,7147.2998
2008-05-23,7009.0498
2008-05-26,6767.4502
2008-05-27,6593.9502
2008-05-28,6780.8999
2008-05-29,6576.75
2008-05-30,6584.3501
2008-06-02,6347.1499
2008-06-03,6301.2002
2008-06-04,6113.6499
2008-06-05,6211.7998
2008-06-06,6140.0498
2008-06-09,5949.2002
2008-06-10,5814.3501
2008-06-11,5971.25
2008-06-12,5999.3501
2008-06-13,5993.1499
2008-06-16,6127.75
2008-06-17,6425.6499
2008-06-18,6200.5498
2008-06-19,5957.25
2008-06-20,5758.6001
2008-06-23,5593.75
2008-06-24,5489.8501
2008-06-25,5480.7002
2008-06-26,5512.1499
2008-06-27,5210.8999
2008-06-30,5027.0498
2008-07-01,4732.8501
2008-07-02,5025.75
2008-07-03,4851.3501
2008-07-04,4990.8999
2008-07-07,5075.6001
2008-07-08,5106.7998
2008-07-09,5341.4502
2008-07-10,5339.0
2008-07-11,5240.7002
2008-07-14,5207.75
2008-07-15,4838.9502
2008-07-16,4726.4502
2008-07-17,5034.75
2008-07-18,5389.1499
2008-07-21,5601.5
2008-07-22,5793.7002
2008-07-23,6343.1499
2008-07-24,6213.6001
2008-07-25,5917.25
2008-07-28,5919.1499
2008-07-29,5422.1499
2008-07-30,5719.4502
2008-07-31,5730.0498
2008-08-01,5961.8999
2008-08-04,5992.3999
2008-08-05,6371.7002
2008-08-06,6328.2002
2008-08-07,6363.1499
2008-08-08,6447.5
2008-08-11,6723.2002
2008-08-12,6490.7998
2008-08-13,6370.75
2008-08-14,6030.0498
2008-08-18,6015.0498
2008-08-19,5992.3999
2008-08-20,6026.2998
2008-08-21,5711.5498
2008-08-22,5776.0498
2008-08-25,5860.7998
2008-08-26,5943.2002
2008-08-27,5823.5498
2008-08-28,5721.1499
2008-08-29,6102.0498
2008-09-01,6128.8501
2008-09-02,6508.8999
2008-09-04,6494.6499
2008-09-05,6288.6001
2008-09-08,6538.8501
2008-09-09,6441.3501
2008-09-10,6427.5498
2008-09-11,6332.25
2008-09-12,6194.1499
2008-09-15,5997.6499
2008-09-16,6132.9502
2008-09-17,5912.5
2008-09-18,6077.2002
2008-09-19,6312.0498
2008-09-22,6303.8999
2008-09-23,6033.3501
2008-09-24,6109.6499
2008-09-25,6080.2002
2008-09-26,5828.6001
2008-09-29,5538.75
2008-09-30,5803.5498
2008-10-01,5982.3999
2008-10-03,5793.3501
2008-10-06,5560.5498
2008-10-07,5457.5498
2008-10-08,5222.6001
2008-10-10,4938.0
2008-10-13,5496.75
2008-10-14,5578.3999
2008-10-15,5425.25
2008-10-16,5481.6499
2008-10-17,5183.5498
2008-10-20,5284.2002
2008-10-21,5414.5
2008-10-22,5095.75
2008-10-23,4932.3999
2008-10-24,4310.0498
2008-10-27,4092.8999
2008-10-29,4280.4502
2008-10-31,4521.7002
2008-11-03,4875.7002
2008-11-04,5220.7002
2008-11-05,5121.2998
2008-11-06,4940.0
2008-11-07,5043.5498
2008-11-10,5261.1499
2008-11-11,4945.7002
2008-11-12,4748.1499
2008-11-14,4719.3999
2008-11-17,4545.2998
2008-11-18,4346.75
2008-11-19,4233.7002
2008-11-20,4086.8999
2008-11-21,4300.7002
2008-11-24,4164.75
2008-11-25,4053.2
2008-11-26,4267.8999
2008-11-28,4291.1499
2008-12-01,4124.2998
2008-12-02,4099.2998
2008-12-03,4220.3501
2008-12-04,4446.6499
2008-12-05,4357.0
2008-12-08,4429.8501
2008-12-10,4550.75
2008-12-11,4597.1499
2008-12-12,4655.2998
2008-12-15,4707.5
2008-12-16,4820.6499
2008-12-17,4789.6499
2008-12-18,5122.9502
2008-12-19,5144.1499
2008-12-22,5036.5
2008-12-23,4858.3501
2008-12-24,4930.25
2008-12-26,4789.4502
2008-12-29,4953.9502
2008-12-30,5062.2002
2008-12-31,5001.5498
2009-01-02,5195.1001
2009-01-05,5359.3999
2009-01-06,5395.2998
2009-01-07,4984.5498
2009-01-09,4906.7002
2009-01-12,4698.0
2009-01-13,4661.7002
2009-01-14,4751.1001
2009-01-15,4484.6499
2009-01-16,4581.25
2009-01-19,4542.25
2009-01-20,4402.3501
2009-01-21,4252.2998
2009-01-22,4289.7998
2009-01-23,4082.1499
2009-01-27,4199.5498
2009-01-28,4340.1001
2009-01-29,4362.0498
2009-01-30,4456.5498
2009-02-02,4238.1499
2009-02-03,4253.7998
2009-02-04,4251.2002
2009-02-05,4235.3501
2009-02-06,4334.1499
2009-02-09,4459.5
2009-02-10,4515.7998
2009-02-11,4504.2998
2009-02-12,4468.3501
2009-02-13,4565.8501
2009-02-16,4351.4502
2009-02-17,4164.2998
2009-02-18,4077.3
2009-02-19,4059.1499
2009-02-20,3934.3999
2009-02-24,3878.6001
2009-02-25,3911.7
2009-02-26,3834.8999
2009-02-27,3892.3999
2009-03-02,3718.3501
2009-03-03,3636.8501
2009-03-04,3586.8999
2009-03-05,3446.3501
2009-03-06,3455.3501
2009-03-09,3339.7
2009-03-12,3442.55
2009-03-13,3632.75
2009-03-16,3736.6499
2009-03-17,3644.6499
2009-03-18,3727.6499
2009-03-19,3763.5
2009-03-20,3691.7
2009-03-23,3944.75
2009-03-24,4008.05
2009-03-25,4126.4502
2009-03-26,4285.1499
2009-03-27,4406.7998
2009-03-30,4035.7
2009-03-31,4133.2002
2009-04-01,4211.4502
2009-04-02,4426.0498
2009-04-06,4487.1001
2009-04-08,4479.3501
2009-04-09,4584.7998
2009-04-13,4818.0
2009-04-15,5049.4502
2009-04-16,4915.75
2009-04-17,5056.8999
2009-04-20,5009.2002
2009-04-21,4853.8999
2009-04-22,4813.2998
2009-04-23,4968.3999
2009-04-24,5125.3501
2009-04-27,5182.75
2009-04-28,4931.2998
2009-04-29,5130.9502
2009-05-04,5504.0498
2009-05-05,5596.2002
2009-05-06,5446.4502
2009-05-07,5577.2998
2009-05-08,5409.75
2009-05-11,5343.6001
2009-05-12,5585.5498
2009-05-13,5523.75
2009-05-14,5495.1001
2009-05-15,5695.0498
2009-05-18,6766.5498
2009-05-19,7268.2002
2009-05-20,7128.6001
2009-05-21,6905.0498
2009-05-22,7036.2998
2009-05-25,7049.75
2009-05-26,6851.1001
2009-05-27,7215.2002
2009-05-28,7338.6001
2009-05-29,7414.3501
2009-06-01,7376.0
2009-06-02,7374.5498
2009-06-03,7262.2998
2009-06-04,7347.3501
2009-06-05,7348.3999
2009-06-08,6975.0498
2009-06-09,7185.75
2009-06-10,7338.9502
2009-06-11,7251.6499
2009-06-12,7083.1001
2009-06-15,7081.2002
2009-06-16,7274.1499
2009-06-17,7081.75
2009-06-18,7081.1499
2009-06-19,7223.5498
2009-06-22,7229.5498
2009-06-23,7091.2998
2009-06-24,7107.8999
2009-06-25,7123.0
2009-06-26,7398.4502
2009-06-29,7508.6001
2009-06-30,7338.8501
2009-07-01,7452.6001
2009-07-02,7397.9502
2009-07-03,7566.0498
2009-07-06,6946.4502
2009-07-07,6952.6001
2009-07-08,6661.75
2009-07-09,6672.75
2009-07-10,6520.6001
2009-07-13,6531.2998
2009-07-14,6756.3999
2009-07-15,6938.7002
2009-07-16,6912.3999
2009-07-17,7231.0498
2009-07-20,7530.2002
2009-07-21,7430.3999
2009-07-22,7329.5498
2009-07-23,7473.5
2009-07-24,7385.5498
2009-07-27,7398.6499
2009-07-28,7312.5498
2009-07-29,7224.2002
2009-07-30,7389.7002
2009-07-31,7544.5
2009-08-03,7650.1001
2009-08-04,7617.7998
2009-08-05,7607.5
2009-08-06,7471.7998
2009-08-07,7249.5
2009-08-10,7160.0
2009-08-11,7218.25
2009-08-12,7172.0498
2009-08-13,7472.3999
2009-08-14,7418.9502
2009-08-17,7104.8501
2009-08-18,7207.25
2009-08-19,7106.7002
2009-08-20,7261.2002
2009-08-21,7377.1001
2009-08-24,7507.3999
2009-08-25,7424.5
2009-08-26,7418.3501
2009-08-27,7385.6499
2009-08-28,7482.3999
2009-08-31,7431.6499
2009-09-01,7377.2002
2009-09-02,7339.5498
2009-09-03,7351.0
2009-09-04,7444.1499
2009-09-07,7650.6499
2009-09-08,7717.8999
2009-09-09,7776.2002
2009-09-10,7828.2998
2009-09-11,7914.9502
2009-09-14,7985.6001
2009-09-15,8210.7002
2009-09-16,8362.7998
2009-09-17,8433.3496
2009-09-18,8379.25
2009-09-22,8452.0
2009-09-23,8423.7002
2009-09-24,8545.0
2009-09-25,8456.25
2009-09-29,8487.7002
2009-09-30,8812.3496
2009-10-01,8861.0498
2009-10-05,8661.7002
2009-10-06,8808.4004
2009-10-07,8750.0
2009-10-08,8834.5996
2009-10-09,8696.7998
2009-10-12,8963.7998
2009-10-14,9150.0
2009-10-15,9296.75
2009-10-16,9526.7002
2009-10-20,9476.4004
2009-10-21,9273.0498
2009-10-22,9090.0996
2009-10-23,9188.4004
2009-10-26,9033.8496
2009-10-27,8698.7998
2009-10-28,8609.0996
2009-10-29,8417.8496
2009-10-30,8438.5996
2009-11-03,8255.4502
2009-11-04,8506.75
2009-11-05,8537.2002
2009-11-06,8723.75
2009-11-09,9137.5
2009-11-10,9179.5
2009-11-11,9337.5996
2009-11-12,9084.7998
2009-11-13,9155.6504
2009-11-16,9266.4004
2009-11-17,9299.5996
2009-11-18,9223.8496
2009-11-19,9041.6504
2009-11-20,9219.0498
2009-11-23,9274.0996
2009-11-24,9247.6504
2009-11-25,9303.1504
2009-11-26,9067.6504
2009-11-27,8945.0498
2009-11-30,9046.9502
2009-12-01,9250.9502
2009-12-02,9327.25
2009-12-03,9345.25
2009-12-04,9245.0498
2009-12-07,9175.5996
2009-12-08,9290.0996
2009-12-09,9146.3496
2009-12-10,9205.6504
2009-12-11,9097.2002
2009-12-14,8996.75
2009-12-15,8734.4502
2009-12-16,8667.4004
2009-12-17,8697.2002
2009-12-18,8599.9502
2009-12-21,8609.5498
2009-12-22,8712.5
2009-12-23,8919.0498
2009-12-24,8968.0996
2009-12-29,8991.9004
2009-12-30,8994.5996
2009-12-31,9029.5
2010-01-04,9112.3496
2010-01-05,9192.1504
2010-01-06,9223.0
2010-01-07,9192.9502
2010-01-08,9160.7002
2010-01-11,9173.5498
2010-01-12,8985.0996
2010-01-13,8926.0996
2010-01-14,8910.7998
2010-01-15,8911.0996
2010-01-18,9093.25
2010-01-19,9135.9004
2010-01-20,9126.3496
2010-01-21,8919.2998
2010-01-22,8772.6504
2010-01-25,8696.5996
2010-01-27,8329.7998
2010-01-28,8423.8496
2010-01-29,8651.5498
2010-02-01,8649.25
2010-02-02,8468.1504
2010-02-03,8631.8496
2010-02-04,8471.0996
2010-02-05,8223.25
2010-02-08,8342.2002
2010-02-09,8392.4502
2010-02-10,8290.0
2010-02-11,8381.4004
2010-02-15,8312.7002
2010-02-16,8397.7998
2010-02-17,8551.5
2010-02-18,8573.9004
2010-02-19,8487.0996
2010-02-22,8493.3496
2010-02-23,8512.9502
2010-02-24,8504.5498
2010-02-25,8537.7998
2010-02-26,8722.75
2010-03-02,8922.0996
2010-03-03,9039.4502
2010-03-04,9013.7998
2010-03-05,9038.4502
2010-03-08,9145.9502
2010-03-09,9138.2002
2010-03-10,9119.25
2010-03-11,9186.8496
2010-03-12,9172.9004
2010-03-15,9085.5
2010-03-16,9102.9502
2010-03-17,9188.4004
2010-03-18,9252.2998
2010-03-19,9270.7998
2010-03-22,9186.9502
2010-03-23,9222.9004
2010-03-25,9318.25
2010-03-26,9456.2002
2010-03-29,9517.5996
2010-03-30,9470.2998
2010-03-31,9459.5996
2010-04-01,9507.75
2010-04-05,9698.5996
2010-04-06,9728.2002
2010-04-07,9681.0498
2010-04-08,9520.0
2010-04-09,9656.5
2010-04-12,9575.4502
2010-04-13,9483.0
2010-04-15,9344.5996
2010-04-16,9353.75
2010-04-19,9302.9004
2010-04-20,9446.0996
2010-04-21,9555.2998
2010-04-22,9623.25
2010-04-23,9813.2998
2010-04-26,9839.1504
2010-04-27,9756.4502
2010-04-28,9634.9004
2010-04-29,9803.7998
2010-04-30,9870.3496
2010-05-03,9775.5
2010-05-04,9623.7002
2010-05-05,9581.8496
2010-05-06,9582.0
2010-05-07,9276.0996
2010-05-10,9656.25
2010-05-11,9626.0996
2010-05-12,9722.2002
2010-05-13,9773.3496
2010-05-14,9589.0498
2010-05-17,9526.5
2010-05-18,9492.25
2010-05-19,9108.3496
2010-05-20,9174.5996
2010-05-21,9135.7002
2010-05-24,9087.25
2010-05-25,8851.75
2010-05-26,9027.5996
2010-05-27,9258.4502
2010-05-28,9312.5996
2010-05-31,9363.7002
2010-06-01,9119.0498
2010-06-02,9192.4502
2010-06-03,9387.7002
2010-06-04,9455.9502
2010-06-07,9292.5996
2010-06-08,9185.2998
2010-06-09,9238.2002
2010-06-10,9346.4502
2010-06-11,9451.75
2010-06-14,9534.0996
2010-06-15,9554.4004
2010-06-16,9588.9004
2010-06-17,9613.4004
2010-06-18,9576.25
2010-06-21,9758.0498
2010-06-22,9675.5
2010-06-23,9718.9502
2010-06-24,9673.5996
2010-06-25,9451.0996
2010-06-28,9542.2002
2010-06-29,9381.4004
2010-06-30,9464.5996
2010-07-01,9349.4004
2010-07-02,9357.1504
2010-07-05,9385.3496
2010-07-06,9550.9004
2010-07-07,9449.25
2010-07-08,9566.5996
2010-07-09,9713.7002
2010-07-12,9850.5996
2010-07-13,9931.5996
2010-07-14,9956.6504
2010-07-15,9932.0996
2010-07-16,10013.4502
2010-07-19,10032.5
2010-07-20,9976.0
2010-07-21,9992.1504
2010-07-22,10060.25
2010-07-23,10093.9004
2010-07-26,10024.0
2010-07-27,10090.6504
2010-07-28,10068.1504
2010-07-29,10179.7002
2010-07-30,10161.0
2010-08-02,10411.5
2010-08-03,10502.6504
2010-08-04,10489.2998
2010-08-05,10454.9004
2010-08-06,10383.6504
2010-08-09,10524.0996
2010-08-10,10519.9502
2010-08-11,10428.6504
2010-08-12,10583.6504
2010-08-13,10737.3496
2010-08-16,10680.5498
2010-08-17,10770.25
2010-08-18,10894.0498
2010-08-19,11110.5
2010-08-20,11033.75
2010-08-23,11095.5
2010-08-24,11043.0
2010-08-25,10937.8496
2010-08-26,10981.7002
2010-08-27,10727.4502
2010-08-30,10747.25
2010-08-31,10746.3496
2010-09-01,10879.75
2010-09-02,10980.5996
2010-09-03,10991.2002
2010-09-06,11218.7998
2010-09-07,11192.9502
2010-09-08,11190.0498
2010-09-09,11446.7002
2010-09-13,11872.8496
2010-09-14,11928.3496
2010-09-15,11987.5996
2010-09-16,12032.0498
2010-09-17,12104.0996
2010-09-20,12251.2002
2010-09-21,12244.9502
2010-09-22,12305.7002
2010-09-23,12146.2998
2010-09-24,12263.5498
2010-09-27,12253.2002
2010-09-28,12272.4004
2010-09-29,12237.5498
2010-09-30,12366.3496
2010-10-01,12556.75
2010-10-04,12651.2998
2010-10-05,12596.5
2010-10-06,12629.2002
2010-10-07,12536.5996
2010-10-08,12473.4004
2010-10-11,12513.0
2010-10-12,12461.7998
2010-10-13,12745.0
2010-10-14,12598.8496
2010-10-15,12346.4502
2010-10-18,12331.2998
2010-10-19,12245.6504
2010-10-20,12176.5
2010-10-21,12435.7998
2010-10-22,12384.7998
2010-10-25,12424.7002
2010-10-26,12332.6504
2010-10-27,12182.6504
2010-10-28,12105.2998
2010-10-29,12330.75
2010-11-01,12734.9004
2010-11-02,12770.9004
2010-11-03,12891.7998
2010-11-04,13182.9004
2010-11-08,13105.0996
2010-11-09,13121.3496
2010-11-10,13007.0996
2010-11-11,12823.5996
2010-11-12,12457.2998
2010-11-15,12762.1504
2010-11-16,12524.4502
2010-11-18,12315.1504
2010-11-19,12062.9502
2010-11-22,12390.0996
2010-11-23,12206.4502
2010-11-24,11842.5498
2010-11-25,11652.4004
2010-11-26,11668.8496
2010-11-29,11828.3496
2010-11-30,11952.5996
2010-12-01,12310.75
2010-12-02,12472.5996
2010-12-03,12349.2002
2010-12-06,12051.2002
2010-12-07,11695.2998
2010-12-08,11460.2002
2010-12-09,11116.0498
2010-12-10,11447.0
2010-12-13,11518.0996
2010-12-14,11560.5
2010-12-15,11196.2998
2010-12-16,11424.1504
2010-12-20,11267.0996
2010-12-21,11537.25
2010-12-22,11467.7002
2010-12-23,11469.0498
2010-12-24,11477.0498
2010-12-27,11470.9502
2010-12-28,11427.2998
2010-12-29,11612.9004
2010-12-30,11629.2998
2010-12-31,11791.4502
2011-01-03,11855.75
2011-01-04,11564.0498
2011-01-05,11305.4502
2011-01-06,11186.7998
2011-01-07,11053.3496
2011-01-10,10700.6504
2011-01-11,10833.5498
2011-01-12,11128.1504
2011-01-13,10716.6504
2011-01-14,10432.9004
2011-01-17,10471.0996
2011-01-18,10618.5
2011-01-19,10615.1504
2011-01-20,10798.3496
2011-01-21,10889.4004
2011-01-24,11151.1504
2011-01-25,10872.9502
2011-01-27,10676.1504
2011-01-28,10578.25
2011-01-31,10641.8496
2011-02-01,10481.2002
2011-02-02,10470.1504
2011-02-03,10670.5996
2011-02-04,10433.8496
2011-02-07,10384.0498
2011-02-08,10147.75
2011-02-09,10116.6504
2011-02-10,10074.0996
2011-02-11,10447.75
2011-02-14,10802.5498
2011-02-15,10959.7002
2011-02-16,10960.7002
2011-02-17,11134.7002
2011-02-18,10949.7002
2011-02-21,11050.0996
2011-02-22,10836.7998
2011-02-23,10646.4502
2011-02-24,10210.75
2011-02-25,10435.8496
2011-02-28,10435.3496
2011-03-01,10885.4004
2011-03-03,10914.5
2011-03-04,10963.4004
2011-03-07,10782.25
2011-03-08,10931.5498
2011-03-09,10974.7998
2011-03-10,10850.25
2011-03-11,10740.9502
2011-03-14,10893.25
2011-03-15,10725.7998
2011-03-16,10957.5996
2011-03-17,10851.9502
2011-03-18,10715.9004
2011-03-21,10723.5996
2011-03-22,10771.2998
2011-03-23,10958.0996
2011-03-24,11070.3496
2011-03-25,11387.2998
2011-03-28,11523.4004
2011-03-29,11582.5
2011-03-30,11765.2002
2011-03-31,11705.4502
2011-04-01,11590.9502
2011-04-04,11804.2998
2011-04-05,11798.9004
2011-04-06,11730.0498
2011-04-07,11754.4004
2011-04-08,11673.25
2011-04-11,11597.7998
2011-04-13,11839.5
2011-04-15,11735.6504
2011-04-18,11539.75
2011-04-19,11586.75
2011-04-20,11794.5498
2011-04-21,11894.75
2011-04-25,11879.0
2011-04-26,11867.7002
2011-04-27,11779.8496
2011-04-28,11684.7998
2011-04-29,11483.75
2011-05-02,11243.7998
2011-05-03,10898.2998
2011-05-04,10913.3496
2011-05-05,10730.0996
2011-05-06,11145.0996
2011-05-09,11076.5
2011-05-10,11009.4004
2011-05-11,11059.0498
2011-05-12,10887.4502
2011-05-13,11020.9502
2011-05-16,10912.3496
2011-05-17,10668.8496
2011-05-18,10599.0498
2011-05-19,10558.3496
2011-05-20,10664.0996
2011-05-23,10368.25
2011-05-24,10425.5498
2011-05-25,10355.7998
2011-05-26,10468.2998
2011-05-27,10722.6504
2011-05-30,10781.4502
2011-05-31,11020.8496
2011-06-01,11033.4004
2011-06-02,10839.25
2011-06-03,10782.0
2011-06-06,10854.6504
2011-06-07,10873.4502
2011-06-08,10791.4502
2011-06-09,10785.4004
2011-06-10,10714.25
2011-06-13,10717.5
2011-06-14,10803.9502
2011-06-15,10626.6504
2011-06-16,10572.1504
2011-06-17,10598.25
2011-06-20,10484.2998
2011-06-21,10459.1504
2011-06-22,10475.2002
2011-06-23,10526.4502
2011-06-24,10854.5
2011-06-27,11032.5
2011-06-28,11054.0498
2011-06-29,11153.3496
2011-06-30,11244.6504
2011-07-01,11255.0
2011-07-04,11379.7998
2011-07-05,11406.0996
2011-07-06,11283.0498
2011-07-07,11426.0996
2011-07-08,11285.1504
2011-07-11,11135.5
2011-07-12,11022.5498
2011-07-13,11142.25
2011-07-14,11263.7998
2011-07-15,11234.5498
2011-07-18,11228.8496
2011-07-19,11313.8496
2011-07-20,11164.7002
2011-07-21,11049.7998
2011-07-22,11291.9502
2011-07-25,11391.7998
2011-07-26,11114.5498
2011-07-27,11000.1504
2011-07-28,10828.5
2011-07-29,10893.6504
2011-08-01,10939.0
2011-08-02,10743.2998
2011-08-03,10639.5498
2011-08-04,10537.0498
2011-08-05,10354.5
2011-08-08,10232.2998
2011-08-09,10196.5498
2011-08-10,10463.2002
2011-08-11,10338.7998
2011-08-12,10182.7002
2011-08-16,10056.4004
2011-08-17,9953.2002
2011-08-18,9601.5
2011-08-19,9404.8496
2011-08-22,9407.3496
2011-08-23,9488.7002
2011-08-24,9331.8496
2011-08-25,9177.25
2011-08-26,8974.5498
2011-08-29,9342.4502
2011-08-30,9533.4004
2011-09-02,9581.3496
2011-09-05,9614.0498
2011-09-06,9657.5996
2011-09-07,9858.9004
2011-09-08,9920.0498
2011-09-09,9678.7002
2011-09-12,9395.25
2011-09-13,9339.7002
2011-09-14,9472.4502
2011-09-15,9660.3496
2011-09-16,9720.25
2011-09-19,9583.5498
2011-09-20,9812.7002
2011-09-21,9929.0
2011-09-22,9520.5996
2011-09-23,9375.7002
2011-09-26,9384.5
2011-09-27,9619.9502
2011-09-28,9512.1504
2011-09-29,9653.4004
2011-09-30,9468.2998
2011-10-03,9185.9004
2011-10-04,8913.3496
2011-10-05,8701.2998
2011-10-07,9038.25
2011-10-10,9168.9004
2011-10-11,9178.6504
2011-10-12,9482.2998
2011-10-13,9591.25
2011-10-14,9660.4004
2011-10-17,9721.2998
2011-10-18,9583.9004
2011-10-19,9841.3496
2011-10-20,9746.4004
2011-10-21,9695.3496
2011-10-24,9647.8496
2011-10-25,9511.5996
2011-10-28,9917.0498
2011-10-31,9989.6504
2011-11-01,9822.25
2011-11-02,9781.0498
2011-11-03,9782.5
2011-11-04,9836.3496
2011-11-08,9852.5498
2011-11-09,9592.6504
2011-11-11,9292.5498
2011-11-14,9275.0
2011-11-15,9085.7002
2011-11-16,9061.5498
2011-11-17,8930.9004
2011-11-18,8850.25
2011-11-21,8554.1504
2011-11-22,8611.7002
2011-11-23,8399.2998
2011-11-24,8472.5
2011-11-25,8488.5996
2011-11-28,8793.1504
2011-11-29,8623.9004
2011-11-30,8564.0996
2011-12-01,8895.2998
2011-12-02,9172.75
2011-12-05,9173.75
2011-12-07,9176.25
2011-12-08,8915.7002
2011-12-09,8811.0996
2011-12-12,8543.4004
2011-12-13,8571.9502
2011-12-14,8533.0
2011-12-15,8445.0996
2011-12-16,8171.8999
2011-12-19,7920.75
2011-12-20,7798.5498
2011-12-21,8189.1499
2011-12-22,8384.6504
2011-12-23,8296.4502
2011-12-26,8374.5498
2011-12-27,8275.5
2011-12-28,8111.3999
2011-12-29,8027.3999
2011-12-30,7968.6499
2012-01-02,7995.0498
2012-01-03,8340.2998
2012-01-04,8408.4004
2012-01-05,8454.9004
2012-01-06,8488.25
2012-01-09,8481.3496
2012-01-10,8735.0498
2012-01-11,8839.7002
2012-01-12,8930.25
2012-01-13,8975.0498
2012-01-16,8940.25
2012-01-17,9056.7002
2012-01-18,9023.4004
2012-01-19,9199.4004
2012-01-20,9516.8496
2012-01-23,9520.2998
2012-01-24,9834.0
2012-01-25,9856.5996
2012-01-27,9813.6504
2012-01-30,9537.0996
2012-01-31,9919.4502
2012-02-01,9949.0996
2012-02-02,9992.0498
2012-02-03,10133.6504
2012-02-06,10269.25
2012-02-07,10324.5996
2012-02-08,10320.0996
2012-02-09,10507.5996
2012-02-10,10442.6504
2012-02-13,10473.5996
2012-02-14,10556.6504
2012-02-15,10930.7002
2012-02-16,10921.9004
2012-02-17,11074.9004
2012-02-21,11170.4004
2012-02-22,10747.1504
2012-02-23,10713.3496
2012-02-24,10506.7998
2012-02-27,10103.9502
2012-02-28,10484.0
2012-02-29,10414.2002
2012-03-01,10288.9004
2012-03-02,10434.2998
2012-03-05,10178.8496
2012-03-06,10058.1504
2012-03-07,10132.8496
2012-03-09,10505.6504
2012-03-12,10625.6504
2012-03-13,10686.2002
2012-03-14,10889.7002
2012-03-15,10595.0
2012-03-16,10391.3496
2012-03-19,10188.8496
2012-03-20,10281.5996
2012-03-21,10524.4502
2012-03-22,10173.5498
2012-03-23,10294.5498
2012-03-26,10043.5
2012-03-27,10148.8496
2012-03-28,9960.4004
2012-03-29,9927.6504
2012-03-30,10212.75
2012-04-02,10305.3496
2012-04-03,10432.5996
2012-04-04,10340.0996
2012-04-09,10131.5996
2012-04-10,10196.0498
2012-04-11,10214.25
2012-04-12,10400.7002
2012-04-13,10306.25
2012-04-16,10432.7002
2012-04-17,10519.5498
2012-04-18,10512.4502
2012-04-19,10567.9004
2012-04-20,10456.5
2012-04-23,10243.1504
2012-04-24,10215.1504
2012-04-25,10159.8496
2012-04-26,10128.0
2012-04-27,10148.7002
2012-04-30,10276.7998
2012-05-02,10306.5996
2012-05-03,10126.5498
2012-05-04,9802.3496
2012-05-07,9876.3496
2012-05-08,9588.75
2012-05-09,9404.7998
2012-05-10,9410.9004
2012-05-11,9398.0996
2012-05-14,9257.6504
2012-05-15,9319.7002
2012-05-16,9164.25
2012-05-17,9154.2002
2012-05-18,9310.25
2012-05-21,9412.0
2012-05-22,9268.7998
2012-05-23,9209.9004
2012-05-24,9437.5996
2012-05-25,9456.2998
2012-05-28,9698.2998
2012-05-29,9708.0996
2012-05-30,9534.0498
2012-05-31,9441.0
2012-06-01,9267.5996
2012-06-04,9362.2998
2012-06-05,9460.1504
2012-06-06,9742.7998
2012-06-07,9950.9004
2012-06-08,9998.8496
2012-06-11,9969.2002
2012-06-12,10139.2002
2012-06-13,10128.1504
2012-06-14,9836.9502
2012-06-15,10064.7998
2012-06-18,9749.9004
2012-06-19,9786.4502
2012-06-20,9831.7998
2012-06-21,10033.6504
2012-06-22,10038.3496
2012-06-25,9925.75
2012-06-26,9970.0996
2012-06-27,10017.7998
2012-06-28,10003.8496
2012-06-29,10340.6504
2012-07-02,10412.2002
2012-07-03,10481.2998
2012-07-04,10529.4502
2012-07-05,10641.9004
2012-07-06,10655.3496
2012-07-09,10588.0498
2012-07-10,10751.5498
2012-07-11,10713.2998
2012-07-12,10616.2998
2012-07-13,10594.4502
2012-07-16,10568.2002
2012-07-17,10558.0498
2012-07-18,10607.0996
2012-07-19,10622.0498
2012-07-20,10481.5996
2012-07-23,10274.5996
2012-07-24,10299.0
2012-07-25,10267.8496
2012-07-26,10083.7998
2012-07-27,10140.5498
2012-07-30,10412.1504
2012-07-31,10384.0996
2012-08-01,10419.9004
2012-08-02,10379.5996
2012-08-03,10315.5996
2012-08-06,10462.4004
2012-08-07,10591.9502
2012-08-08,10529.25
2012-08-09,10445.9004
2012-08-10,10358.9502
2012-08-13,10401.2998
2012-08-14,10519.1504
2012-08-16,10426.75
2012-08-17,10417.9004
2012-08-21,10469.5
2012-08-22,10472.2002
2012-08-23,10457.7002
2012-08-24,10332.8496
2012-08-27,10150.4004
2012-08-28,10059.4004
2012-08-29,10011.9004
2012-08-30,10085.2002
2012-08-31,9990.5
2012-09-03,9963.0
2012-09-04,10020.6504
2012-09-05,9827.9004
2012-09-06,9893.1504
2012-09-07,10122.0
2012-09-10,10069.8496
2012-09-11,10135.9004
2012-09-12,10183.4502
2012-09-13,10207.7998
2012-09-14,10642.9004
2012-09-17,10981.6504
2012-09-18,11043.5
2012-09-20,10920.7998
2012-09-21,11358.5
2012-09-24,11423.5
2012-09-25,11420.75
2012-09-26,11427.25
2012-09-27,11419.4502
2012-09-28,11456.7998
2012-10-01,11420.4502
2012-10-03,11414.9502
2012-10-04,11636.0498
2012-10-05,11511.4004
2012-10-08,11362.2002
2012-10-09,11446.0996
2012-10-10,11291.5
2012-10-11,11431.2998
2012-10-12,11388.4502
2012-10-15,11441.7998
2012-10-16,11348.0
2012-10-17,11358.25
2012-10-18,11586.3496
2012-10-19,11491.2002
2012-10-22,11607.4004
2012-10-23,11578.1504
2012-10-25,11614.5
2012-10-29,11472.1504
2012-10-30,11203.0
2012-10-31,11268.7998
2012-11-01,11315.0498
2012-11-02,11460.4502
2012-11-05,11475.1504
2012-11-06,11539.0498
2012-11-07,11665.5
2012-11-08,11613.5498
2012-11-09,11475.5996
2012-11-12,11583.8496
2012-11-15,11521.4004
2012-11-16,11335.5
2012-11-19,11306.9502
2012-11-20,11318.2998
2012-11-21,11465.3496
2012-11-22,11508.3496
2012-11-23,11475.7998
2012-11-26,11432.4502
2012-11-27,11657.4004
2012-11-29,11992.7998
2012-11-30,12158.9004
2012-12-03,12103.9004
2012-12-04,12197.1504
2012-12-05,12281.5996
2012-12-06,12427.5498
2012-12-07,12363.7002
2012-12-10,12381.6504
2012-12-11,12344.5996
2012-12-12,12301.7002
2012-12-13,12269.1504
2012-12-14,12424.7002
2012-12-17,12427.4502
2012-12-18,12477.1504
2012-12-19,12510.25
2012-12-20,12486.5
2012-12-21,12315.0498
2012-12-24,12317.7002
2012-12-26,12479.4502
2012-12-27,12459.7002
2012-12-28,12458.1504
2012-12-31,12474.25
2013-01-01,12654.1504
2013-01-02,12786.8496
2013-01-03,12778.1504
2013-01-04,12787.3496
2013-01-07,12708.7002
2013-01-08,12725.5
2013-01-09,12718.0
2013-01-10,12802.25
2013-01-11,12617.8496
2013-01-14,12758.75
2013-01-15,12855.4004
2013-01-16,12638.5
2013-01-17,12649.5996
2013-01-18,12680.0
2013-01-21,12651.3496
2013-01-22,12574.3496
2013-01-23,12635.2002
2013-01-24,12561.4004
2013-01-25,12693.25
2013-01-28,12781.3496
2013-01-29,12722.7998
2013-01-30,12767.5
2013-01-31,12708.5996
2013-02-01,12606.25
2013-02-04,12548.3496
2013-02-05,12467.75
2013-02-06,12417.7002
2013-02-07,12349.2998
2013-02-08,12280.1504
2013-02-11,12333.0
2013-02-12,12405.25
2013-02-13,12385.0996
2013-02-14,12311.2998
2013-02-15,12336.5498
2013-02-18,12347.2002
2013-02-19,12413.6504
2013-02-20,12363.7002
2013-02-21,12055.5
2013-02-22,12068.9502
2013-02-25,12037.2998
2013-02-26,11844.8496
2013-02-27,11930.5
2013-02-28,11487.3496
2013-03-01,11540.0498
2013-03-04,11575.5996
2013-03-05,11792.0498
2013-03-06,11876.2002
2013-03-07,11970.25
2013-03-08,12197.25
2013-03-11,12165.4004
2013-03-12,12054.5
2013-03-13,11777.5
2013-03-14,12020.75
2013-03-15,11816.5498
2013-03-18,11735.5
2013-03-19,11508.0498
2013-03-20,11254.8496
2013-03-21,11238.3496
2013-03-22,11204.0498
2013-03-25,11125.6504
2013-03-26,11163.4502
2013-03-28,11361.8496
2013-04-01,11425.5498
2013-04-02,11523.4004
2013-04-03,11344.0996
2013-04-04,11126.25
2013-04-05,11098.9502
2013-04-08,11012.6504
2013-04-09,10929.1504
2013-04-10,11122.25
2013-04-11,11306.5
2013-04-12,11410.0996
2013-04-15,11526.25
2013-04-16,11871.5996
2013-04-17,11981.0498
2013-04-18,12288.25
2013-04-22,12576.2002
2013-04-23,12543.4004
2013-04-25,12726.8496
2013-04-26,12533.1504
2013-04-29,12609.1504
2013-04-30,12561.5498
2013-05-02,12709.9502
2013-05-03,12393.5996
2013-05-06,12396.4004
2013-05-07,12631.5
2013-05-08,12643.0498
2013-05-09,12596.2998
2013-05-10,12752.2998
2013-05-13,12568.8496
2013-05-14,12583.5996
2013-05-15,13077.9004
2013-05-16,13239.4502
2013-05-17,13317.0996
2013-05-20,13181.5
2013-05-21,13066.5
2013-05-22,13008.25
2013-05-23,12636.5
2013-05-24,12769.3496
2013-05-27,12961.5498
2013-05-28,12950.0
2013-05-29,12853.2002
2013-05-30,12805.9004
2013-05-31,12475.6504
2013-06-03,12402.0996
2013-06-04,12275.0996
2013-06-05,12289.3496
2013-06-06,12398.4004
2013-06-07,12231.5
2013-06-10,12087.0498
2013-06-11,11820.5
2013-06-12,11814.8496
2013-06-13,11686.75
2013-06-14,11922.8496
2013-06-17,11971.0498
2013-06-18,11820.9502
2013-06-19,11852.6504
2013-06-20,11375.4004
2013-06-21,11340.1504
2013-06-24,11178.2998
2013-06-25,11181.0498
2013-06-26,11066.5498
2013-06-27,11235.75
2013-06-28,11617.25
2013-07-01,11714.9004
2013-07-02,11614.25
2013-07-03,11357.7998
2013-07-04,11381.2002
2013-07-05,11434.2998
2013-07-08,11283.2998
2013-07-09,11442.4502
2013-07-10,11364.4502
2013-07-11,11655.2998
2013-07-12,11722.7998
2013-07-15,11790.25
2013-07-16,11226.1504
2013-07-17,10971.5996
2013-07-18,11187.7002
2013-07-19,10973.9004
2013-07-22,11086.9502
2013-07-23,11239.7002
2013-07-24,10720.1504
2013-07-25,10614.0
2013-07-26,10465.25
2013-07-29,10331.0
2013-07-30,10209.5498
2013-07-31,10015.75
2013-08-01,10142.9502
2013-08-02,9997.7998
2013-08-05,10094.9004
2013-08-06,9703.0996
2013-08-07,9757.25
2013-08-08,9816.4004
2013-08-12,9711.4004
2013-08-13,9985.6504
2013-08-14,10026.4004
2013-08-16,9450.8496
2013-08-19,9145.0
2013-08-20,9218.9502
2013-08-21,9264.4004
2013-08-22,9268.9004
2013-08-23,9470.0996
2013-08-26,9373.5498
2013-08-27,8870.5
2013-08-28,8760.8496
2013-08-29,8904.5996
2013-08-30,9049.2002
2013-09-02,9139.5
2013-09-03,8664.2002
2013-09-04,8845.75
2013-09-05,9682.4004
2013-09-06,9961.4004
2013-09-10,10188.25
2013-09-11,10369.0996
2013-09-12,10158.5498
2013-09-13,10180.4502
2013-09-16,10368.4004
2013-09-17,10279.5996
2013-09-18,10447.8496
2013-09-19,11148.6504
2013-09-20,10686.7998
2013-09-23,10211.7002
2013-09-24,10175.9004
2013-09-25,10081.7002
2013-09-26,10098.25
2013-09-27,9899.75
2013-09-30,9617.7998
2013-10-01,9883.2998
2013-10-03,10222.9502
2013-10-04,10197.1504
2013-10-07,10082.0996
2013-10-08,10141.4502
2013-10-09,10334.9502
2013-10-10,10288.9502
2013-10-11,10622.1504
2013-10-14,10665.25
2013-10-15,10389.25
2013-10-17,10336.5498
2013-10-18,10744.9004
2013-10-21,10797.5498
2013-10-22,10809.0996
2013-10-23,10880.6504
2013-10-24,10902.4502
2013-10-25,10896.5
2013-10-28,10773.2002
2013-10-29,11241.6504
2013-10-30,11249.3496
2013-10-31,11473.1504
2013-11-01,11628.6504
2013-11-05,11498.9004
2013-11-06,11292.5498
2013-11-07,11054.9004
2013-11-08,10913.1504
2013-11-11,10758.4502
2013-11-12,10583.0498
2013-11-13,10523.3496
2013-11-14,10811.2002
2013-11-18,11142.2998
2013-11-19,11187.8496
2013-11-20,10967.1504
2013-11-21,10706.9004
2013-11-22,10677.3496
2013-11-25,11083.4004
2013-11-26,10909.3496
2013-11-27,10899.2998
2013-11-28,10906.75
2013-11-29,11153.9502
2013-12-02,11284.3496
2013-12-03,11211.2998
2013-12-04,11156.75
2013-12-05,11665.0996
2013-12-06,11720.2002
2013-12-09,12065.9004
2013-12-10,11843.4502
2013-12-11,11784.3496
2013-12-12,11635.5
2013-12-13,11366.9004
2013-12-16,11372.9502
2013-12-17,11208.6504
2013-12-18,11357.9004
2013-12-19,11087.4502
2013-12-20,11292.3496
2013-12-23,11378.5
2013-12-24,11330.6504
2013-12-26,11385.75
2013-12-27,11459.7002
2013-12-30,11376.0
2013-12-31,11385.25
2014-01-01,11385.5996
2014-01-02,11183.2002
2014-01-03,11181.6504
2014-01-06,11049.0498
2014-01-07,11036.75
2014-01-08,11053.7002
2014-01-09,10970.4502
2014-01-10,10805.2998
2014-01-13,11021.5996
2014-01-14,10948.9004
2014-01-15,11125.4004
2014-01-16,11092.5498
2014-01-17,10911.3496
2014-01-20,11007.5
2014-01-21,11171.5
2014-01-22,11207.3496
2014-01-23,11199.0
2014-01-24,10982.4004
2014-01-27,10540.4004
2014-01-28,10507.5996
2014-01-29,10437.75
2014-01-30,10153.1504
2014-01-31,10237.75
2014-02-03,10102.0996
2014-02-04,10191.2002
2014-02-05,10231.6504
2014-02-06,10205.2002
2014-02-07,10263.2002
2014-02-10,10213.9004
2014-02-11,10245.4502
2014-02-12,10348.7998
2014-02-13,10135.7002
2014-02-14,10203.75
2014-02-17,10326.5498
2014-02-18,10575.2002
2014-02-19,10609.5996
2014-02-20,10428.2998
2014-02-21,10554.3496
2014-02-24,10683.5
2014-02-25,10666.75
2014-02-26,10730.4004
2014-02-28,10764.7002
2014-03-03,10651.9502
2014-03-04,10929.0498
2014-03-05,11098.7998
2014-03-06,11278.3496
2014-03-07,11884.75
2014-03-10,12108.0996
2014-03-11,12043.1504
2014-03-12,12024.0996
2014-03-13,12141.4502
2014-03-14,12055.8496
2014-03-18,12114.8496
2014-03-19,12186.5498
2014-03-20,12017.25
2014-03-21,12092.3496
2014-03-24,12408.1504
2014-03-25,12450.0
2014-03-26,12518.3496
2014-03-27,12604.9502
2014-03-28,12754.7002
2014-03-31,12742.0498
2014-04-01,12588.5
2014-04-02,12715.2998
2014-04-03,12563.8496
2014-04-04,12551.7002
2014-04-07,12506.4502
2014-04-09,12937.4004
2014-04-10,12949.4004
2014-04-11,12840.2002
2014-04-15,12579.9004
2014-04-16,12563.1504
2014-04-17,12787.25
2014-04-21,12958.5
2014-04-22,12987.0996
2014-04-23,13122.0996
2014-04-25,13034.5
2014-04-28,13081.5498
2014-04-29,12910.5498
2014-04-30,12855.8496
2014-05-02,12842.0
2014-05-05,12880.6504
2014-05-06,12966.0498
2014-05-07,12938.2002
2014-05-08,13037.4004
2014-05-09,13750.5
2014-05-12,14085.0498
2014-05-13,14165.5498
2014-05-14,14207.0996
2014-05-15,14236.5498
2014-05-16,14853.0
2014-05-19,15222.1504
2014-05-20,15111.2002
2014-05-21,14952.0996
2014-05-22,15055.5498
2014-05-23,15285.5
2014-05-26,15175.9004
2014-05-27,15084.0
2014-05-28,15173.3496
2014-05-29,15030.2998
2014-05-30,14793.4004
2014-06-02,15287.25
2014-06-03,15257.5
2014-06-04,15333.4004
2014-06-05,15282.1504
2014-06-06,15543.1504
2014-06-09,15567.4004
2014-06-10,15427.7998
2014-06-11,15450.5498
2014-06-12,15464.8496
2014-06-13,15106.9004
2014-06-16,15030.0
2014-06-17,15373.2002
2014-06-18,15220.4004
2014-06-19,15067.4004
2014-06-20,14997.6504
2014-06-23,15076.3496
2014-06-24,15309.5
2014-06-25,15237.8496
2014-06-26,15050.0
2014-06-27,14992.3496
2014-06-30,15241.9004
2014-07-01,15321.3496
2014-07-02,15490.3496
2014-07-03,15451.6504
2014-07-04,15556.1504
2014-07-07,15367.5996
2014-07-08,14997.5
2014-07-09,14931.0996
2014-07-10,14821.7002
2014-07-11,14447.2002
2014-07-14,14489.75
2014-07-15,14891.9004
2014-07-16,15265.4502
2014-07-17,15269.0498
2014-07-18,15389.3496
2014-07-21,15385.9502
2014-07-22,15427.3496
2014-07-23,15463.0
2014-07-24,15534.3496
2014-07-25,15322.25
2014-07-28,15212.1504
2014-07-30,15452.4004
2014-07-31,15267.5996
2014-08-01,15127.7998
2014-08-04,15242.3496
2014-08-05,15293.25
2014-08-06,15008.6504
2014-08-07,14986.8496
2014-08-08,14765.75
2014-08-11,14846.7998
2014-08-12,15056.7002
2014-08-13,14910.9004
2014-08-14,15089.6504
2014-08-18,15439.75
2014-08-19,15524.6504
2014-08-20,15481.7002
2014-08-21,15662.2002
2014-08-22,15819.1504
2014-08-25,15669.0
2014-08-26,15624.0996
2014-08-27,15717.6504
2014-08-28,15740.4004
2014-09-01,16012.7998
2014-09-02,16130.5498
2014-09-03,16110.0
2014-09-04,16033.5498
2014-09-05,15982.5
2014-09-08,16206.7002
2014-09-09,16156.75
2014-09-10,16151.75
2014-09-11,16204.1504
2014-09-12,16254.1504
2014-09-15,16167.5498
2014-09-16,15844.0996
2014-09-17,15838.5996
2014-09-18,16156.8496
2014-09-19,16152.1504
2014-09-22,16194.5498
2014-09-23,15902.8496
2014-09-24,15740.2998
2014-09-25,15299.0498
2014-09-26,15607.25
2014-09-29,15473.5498
2014-09-30,15392.25
2014-10-01,15316.2002
2014-10-07,15180.25
2014-10-08,15344.0
2014-10-09,15741.2002
2014-10-10,15453.7998
2014-10-13,15677.5
2014-10-14,15751.5498
2014-10-16,15541.5996
2014-10-17,15929.7998
2014-10-20,16216.5996
2014-10-21,16427.25
2014-10-22,16444.6992
2014-10-27,16556.5996
2014-10-28,16667.0
2014-10-29,16634.0508
2014-10-30,16760.0508
2014-10-31,17045.0508
2014-11-03,17134.0996
2014-11-05,17352.9492
2014-11-07,17347.0508
2014-11-10,17262.4004
2014-11-11,17390.1992
2014-11-12,17587.0508
2014-11-13,17453.0
2014-11-14,17576.8008
2014-11-17,17640.4004
2014-11-18,17702.5508
2014-11-19,17585.6504
2014-11-20,17645.0508
2014-11-21,18056.3008
2014-11-24,18281.9492
2014-11-25,18037.0508
2014-11-26,17975.9492
2014-11-27,18022.5
2014-11-28,18513.1504
2014-12-01,18525.3008
2014-12-02,18555.8496
2014-12-03,18645.8496
2014-12-04,18782.8496
2014-12-05,18756.75
2014-12-08,18510.0508
2014-12-09,18290.6504
2014-12-10,18462.9492
2014-12-11,18405.0
2014-12-12,18299.75
2014-12-15,18372.6504
2014-12-16,17830.5508
2014-12-17,17865.75
2014-12-18,18326.5996
2014-12-19,18478.9004
2014-12-22,18747.3496
2014-12-23,18603.75
2014-12-24,18535.3496
2014-12-26,18557.1992
2014-12-29,18528.3496
2014-12-30,18647.5508
2014-12-31,18736.6504
2015-01-01,18750.4492
2015-01-02,19057.8008
2015-01-05,19017.4004
2015-01-06,18430.75
2015-01-07,18304.25
2015-01-08,18701.4004
2015-01-09,18637.25
2015-01-12,18795.8496
2015-01-13,18707.1992
2015-01-14,18603.8008
2015-01-15,19235.6504
2015-01-16,19223.1504
2015-01-19,19406.0508
2015-01-20,19767.0508
2015-01-21,19843.25
2015-01-22,19917.6504
2015-01-23,20072.6992
2015-01-27,20555.25
2015-01-28,20491.75
2015-01-29,20528.5996
2015-01-30,19843.75
2015-02-02,19865.9004
2015-02-03,19382.9492
2015-02-04,19174.0
2015-02-05,19051.9004
2015-02-06,18786.6992
2015-02-09,18403.8496
2015-02-10,18752.5
2015-02-11,18940.8008
2015-02-12,19128.5996
2015-02-13,19369.6992
2015-02-16,19189.9492
2015-02-18,19296.5
2015-02-19,19188.3008
2015-02-20,19073.5508
2015-02-23,18913.4004
2015-02-24,18883.8008
2015-02-25,18733.0508
2015-02-26,18538.0996
2015-02-27,19074.5508
2015-03-02,20008.0996
2015-03-03,19961.1992
2015-03-04,19643.9004
2015-03-05,19748.0
2015-03-09,19145.5508
2015-03-10,19054.4004
2015-03-11,19044.0
2015-03-12,19141.8496
2015-03-13,18779.8008
2015-03-16,18837.3496
2015-03-17,19058.25
2015-03-18,19147.25
2015-03-19,18811.1504
2015-03-20,18606.3496
2015-03-23,18449.0
2015-03-24,18331.4492
2015-03-25,18310.0996
2015-03-26,17831.6504
2015-03-27,18044.8008
2015-03-30,18361.8008
2015-03-31,18206.6504
2015-04-01,18617.8496
2015-04-06,18605.4492
2015-04-07,18469.3008
2015-04-08,18416.5996
2015-04-09,18875.8496
2015-04-10,18800.8496
2015-04-13,18798.25
2015-04-15,18716.3008
2015-04-16,18637.0508
2015-04-17,18345.5508
2015-04-20,18112.75
2015-04-21,18105.75
2015-04-22,18243.6992
2015-04-23,18245.5996
2015-04-24,18001.9004
2015-04-27,17767.5996
2015-04-28,18246.25
2015-04-29,18302.6504
2015-04-30,18338.0996
2015-05-04,18501.3008
2015-05-05,18471.4492
2015-05-06,17799.5508
2015-05-07,17376.9004
2015-05-08,17796.5996
2015-05-11,18199.75
2015-05-12,17628.6504
2015-05-13,18097.4492
2015-05-14,18116.1992
2015-05-15,18183.1504
2015-05-18,18422.9492
2015-05-19,18380.4004
2015-05-20,18555.1504
2015-05-21,18513.1504
2015-05-22,18433.3008
2015-05-25,18324.8496
2015-05-26,18329.3008
2015-05-27,18538.8496
2015-05-28,18449.1992
2015-05-29,18721.3496
2015-06-01,18617.0
2015-06-02,17977.3008
2015-06-03,17721.4004
2015-06-04,17719.1992
2015-06-05,17549.25
2015-06-08,17432.5996
2015-06-09,17489.9004
2015-06-10,17707.25
2015-06-11,17304.4004
2015-06-12,17523.5508
2015-06-15,17458.6992
2015-06-16,17602.4492
2015-06-17,17584.0508
2015-06-18,17733.5508
2015-06-19,17880.8496
2015-06-22,18334.5
2015-06-23,18391.3496
2015-06-24,18365.5508
2015-06-25,18492.9004
2015-06-26,18371.5
2015-06-29,18241.25
2015-06-30,18296.0996
2015-07-01,18581.5996
2015-07-02,18585.5508
2015-07-03,18729.6504
2015-07-06,18825.1504
2015-07-07,18798.5
2015-07-08,18463.1504
2015-07-09,18508.6992
2015-07-10,18719.8008
2015-07-13,18893.5508
2015-07-14,18780.1992
2015-07-15,18816.25
2015-07-16,19168.0508
2015-07-17,19094.6992
2015-07-20,19032.6992
2015-07-21,18723.4004
2015-07-22,18997.0
2015-07-23,18865.0
2015-07-24,18635.8496
2015-07-27,18213.0508
2015-07-28,18282.8008
2015-07-29,18323.4004
2015-07-30,18440.4004
2015-07-31,18729.8496
2015-08-03,18914.6992
2015-08-04,18972.5996
2015-08-05,18928.5508
2015-08-06,19029.3496
2015-08-07,18893.5508
2015-08-10,18875.0
2015-08-11,18616.9004
2015-08-12,18059.75
2015-08-13,18175.4004
2015-08-14,18723.5996
2015-08-17,18822.0508
2015-08-18,18780.8496
2015-08-19,18703.25
2015-08-20,18283.0996
2015-08-21,18057.1992
2015-08-24,16811.8008
2015-08-25,17192.75
2015-08-26,16917.6504
2015-08-27,17214.4004
2015-08-28,17211.9492
2015-08-31,17146.5508
2015-09-01,16530.3008
2015-09-02,16252.7002
2015-09-03,16555.4004
2015-09-04,16129.0996
2015-09-07,15790.0996
2015-09-08,16350.9502
2015-09-09,16631.5
2015-09-10,16597.6504
2015-09-11,16612.5996
2015-09-14,16911.8008
2015-09-15,16739.5508
2015-09-16,16964.8496
2015-09-18,17409.1504
2015-09-21,17542.9004
2015-09-22,17031.1504
2015-09-23,17255.3008
2015-09-24,17196.6504
2015-09-28,17100.3008
2015-09-29,17281.1992
2015-09-30,17216.3008
2015-10-01,17150.1992
2015-10-05,17674.0508
2015-10-06,17605.3496
2015-10-07,17616.8008
2015-10-08,17474.3008
2015-10-09,17590.25
2015-10-12,17583.1504
2015-10-13,17554.8496
2015-10-14,17543.25
2015-10-15,17686.0996
2015-10-16,17912.8496
2015-10-19,17855.0508
2015-10-20,17830.25
2015-10-21,17710.5508
2015-10-23,17934.0508
2015-10-26,17815.0508
2015-10-27,17806.3008
2015-10-28,17373.1504
2015-10-29,17212.1992
2015-10-30,17354.5
2015-11-02,17340.5996
2015-11-03,17325.5996
2015-11-04,17221.0508
2015-11-05,16995.0996
2015-11-06,17086.5
2015-11-09,17003.0
2015-11-10,16836.0
2015-11-13,16932.8496
2015-11-16,17184.9004
2015-11-17,17140.4492
2015-11-18,16812.0996
2015-11-19,17071.9004
2015-11-20,17055.5996
2015-11-23,17060.25
2015-11-24,16988.6504
2015-11-26,17036.5508
2015-11-27,17370.9492
2015-11-30,17430.4004
2015-12-01,17398.5508
2015-12-02,17218.5
2015-12-03,17110.0996
2015-12-04,16897.3008
2015-12-07,16947.0
2015-12-08,16801.1504
2015-12-09,16660.75
2015-12-10,16711.0508
2015-12-11,16342.5
2015-12-14,16350.6504
2015-12-15,16398.6504
2015-12-16,16579.4004
2015-12-17,16741.5
2015-12-18,16594.3008
2015-12-21,16825.1504
2015-12-22,16749.1992
2015-12-23,16882.5
2015-12-24,16811.0
2015-12-28,16979.1504
2015-12-29,16991.4492
2015-12-30,16917.9004
2015-12-31,16922.1992
2016-01-01,17039.25
2016-01-04,16599.1504
2016-01-05,16542.5
2016-01-06,16433.1504
2016-01-07,16073.8496
2016-01-08,16142.6504
2016-01-11,16016.25
2016-01-12,15734.7998
2016-01-13,15871.8496
2016-01-14,15609.7998
2016-01-15,15206.2998
2016-01-18,15020.7998
2016-01-19,15269.6504
2016-01-20,14935.5
2016-01-21,15101.2002
2016-01-22,15497.5498
2016-01-25,15561.1504
2016-01-27,15534.5996
2016-01-28,15381.4502
2016-01-29,15522.4004
2016-02-01,15314.4502
2016-02-02,15068.0
2016-02-03,14834.0498
2016-02-04,14869.1504
2016-02-05,15162.0498
2016-02-08,15046.7998
2016-02-09,14875.0996
2016-02-10,14588.4502
2016-02-11,14028.5498
2016-02-12,13971.5
2016-02-15,14445.0
2016-02-16,14166.4502
2016-02-17,14119.8496
2016-02-18,14298.1504
2016-02-19,14344.2002
2016-02-22,14384.7998
2016-02-23,14008.3496
2016-02-24,13794.0498
2016-02-25,13555.7002
2016-02-26,13791.4502
2016-02-29,13946.4004
2016-03-01,14412.9004
2016-03-02,15092.4502
2016-03-03,15177.75
2016-03-04,15339.2002
2016-03-08,15146.5
2016-03-09,15279.0498
2016-03-10,15180.6504
2016-03-11,15168.2002
2016-03-14,15277.7998
2016-03-15,15326.7998
2016-03-16,15461.7002
2016-03-17,15444.0
2016-03-18,15654.8496
2016-03-21,15926.0996
2016-03-22,15936.0
2016-03-23,15887.75
2016-03-28,15604.9004
2016-03-29,15666.25
2016-03-30,16134.8496
2016-03-31,16141.6504
2016-04-01,16174.9004
2016-04-04,16190.5996
2016-04-05,15695.0
2016-04-06,15636.9502
2016-04-07,15530.75
2016-04-08,15568.3496
2016-04-11,15818.5
2016-04-12,15880.2002
2016-04-13,16278.5498
2016-04-18,16222.7002
2016-04-20,16349.7002
2016-04-21,16637.1504
2016-04-22,16703.4004
2016-04-25,16678.6504
2016-04-26,17002.5508
2016-04-27,16872.9492
2016-04-28,16716.9004
2016-04-29,16795.0
2016-05-02,16543.0
2016-05-03,16388.6992
2016-05-04,16274.25
2016-05-05,16281.0
2016-05-06,16296.5996
2016-05-09,16686.0996
2016-05-10,16784.9492
2016-05-11,16754.4492
2016-05-12,16923.6992
2016-05-13,16716.9004
2016-05-16,16737.5508
2016-05-17,16762.75
2016-05-18,16728.9492
2016-05-19,16565.25
2016-05-20,16481.4492
2016-05-23,16407.5508
2016-05-24,16456.6504
2016-05-25,16997.4492
2016-05-26,17359.3008
2016-05-27,17511.8008
2016-05-30,17520.6504
2016-05-31,17620.9004
2016-06-01,17423.4492
2016-06-02,17567.8008
2016-06-03,17680.8008
2016-06-06,17671.4004
2016-06-07,17948.1504
2016-06-08,17946.8008
2016-06-09,17887.6992
2016-06-10,17828.5996
2016-06-13,17593.9492
2016-06-14,17672.4004
2016-06-15,17917.9004
2016-06-16,17671.3008
2016-06-17,17696.0508
2016-06-20,17718.5996
2016-06-21,17619.0996
2016-06-22,17626.0508
2016-06-23,17892.4492
2016-06-24,17426.0508
2016-06-27,17514.9492
2016-06-28,17561.5508
2016-06-29,17689.9004
2016-06-30,17935.4004
2016-07-01,17985.6504
2016-07-04,18097.6504
2016-07-05,18004.25
2016-07-07,18084.9004
2016-07-08,18016.25
2016-07-11,18390.9492
2016-07-12,18667.5996
2016-07-13,18618.9492
2016-07-14,18863.75
2016-07-15,18953.6504
2016-07-18,18923.4004
2016-07-19,18905.1504
2016-07-20,18968.1992
2016-07-21,18674.3008
2016-07-22,18690.4004
2016-07-25,18989.5996
2016-07-26,18860.8496
2016-07-27,19021.9492
2016-07-28,19076.5508
2016-07-29,18953.1504
2016-08-01,18740.5996
2016-08-02,18708.25
2016-08-03,18602.0
2016-08-04,18571.6992
2016-08-05,18925.9492
2016-08-08,18939.4492
2016-08-09,18933.3008
2016-08-10,18647.8008
2016-08-11,18640.4004
2016-08-12,18963.6992
2016-08-16,19002.1504
2016-08-17,19041.25
2016-08-18,19352.8008
2016-08-19,19414.6992
2016-08-22,19330.25
2016-08-23,19341.6504
2016-08-24,19355.5996
2016-08-25,19304.25
2016-08-26,19195.75
2016-08-29,19217.0
2016-08-30,19531.5508
2016-08-31,19787.5996
2016-09-01,19788.8496
2016-09-02,19883.1992
2016-09-06,20426.1992
2016-09-07,20406.9004
2016-09-08,20417.25
2016-09-09,20245.3008
2016-09-12,19790.5996
2016-09-14,19909.1504
2016-09-15,19837.5508
2016-09-16,19855.4492
2016-09-19,19906.8496
2016-09-20,19852.3008
2016-09-21,19828.4492
2016-09-22,20109.5996
2016-09-23,19901.8008
2016-09-26,19591.75
2016-09-27,19518.6992
2016-09-28,19653.5508
2016-09-29,19183.6504
2016-09-30,19285.6992
2016-10-03,19589.0508
2016-10-04,19672.6992
2016-10-05,19536.8496
2016-10-06,19395.0508
2016-10-07,19400.0996
2016-10-10,19378.5508
2016-10-13,18954.25
2016-10-14,19020.1504
2016-10-17,19070.4004
2016-10-18,19495.0508
2016-10-19,19412.0996
2016-10-20,19658.6992
2016-10-21,19710.9004
2016-10-24,19807.9004
2016-10-25,19834.9004
2016-10-26,19483.5996
2016-10-27,19514.5996
2016-10-28,19555.9492
2016-11-01,19458.5996
2016-11-02,19227.9004
2016-11-03,19178.6992
2016-11-04,19058.0996
2016-11-07,19356.0
2016-11-08,19500.8008
2016-11-09,19518.25
2016-11-10,20200.25
2016-11-11,19738.8008
2016-11-15,19289.75
2016-11-16,19108.0996
2016-11-17,19087.8496
2016-11-18,18959.0508
2016-11-21,18446.4004
2016-11-22,18548.6504
2016-11-23,18540.9004
2016-11-24,18256.0996
2016-11-25,18507.3008
2016-11-28,18301.4492
2016-11-29,18223.75
2016-11-30,18627.8008
2016-12-01,18428.4492
2016-12-02,18247.6504
2016-12-05,18408.9004
2016-12-06,18420.9004
2016-12-07,18234.1504
2016-12-08,18515.4492
2016-12-09,18695.8008
2016-12-12,18392.9492
2016-12-13,18466.0508
2016-12-14,18341.5
2016-12-15,18401.1504
2016-12-16,18312.8008
2016-12-19,18257.0508
2016-12-20,18069.4004
2016-12-21,18084.5
2016-12-22,17891.4492
2016-12-23,17884.0
2016-12-26,17655.5508
2016-12-27,17879.5508
2016-12-28,17876.6992
2016-12-29,18033.1504
2016-12-30,18177.1992
2017-01-02,17969.5996
2017-01-03,18035.5996
2017-01-04,17891.0
2017-01-05,18115.9492
2017-01-06,18264.0
2017-01-09,18286.6504
2017-01-10,18409.5996
2017-01-11,18830.0
2017-01-12,18873.9492
2017-01-13,18912.0996
2017-01-16,19096.4492
2017-01-17,19067.0508
2017-01-18,19164.5
2017-01-19,19124.25
2017-01-20,18820.8008
2017-01-23,18842.6992
2017-01-24,19023.5
2017-01-25,19473.1992
2017-01-27,19708.3008
2017-01-30,19585.25
2017-01-31,19515.1504
2017-02-01,20020.5996
2017-02-02,20070.3008
2017-02-03,20196.8008
2017-02-06,20371.5996
2017-02-07,20327.25
2017-02-08,20245.4004
2017-02-09,20151.1504
2017-02-10,20213.9004
2017-02-13,20251.8008
2017-02-14,20258.0996
2017-02-15,20163.6992
2017-02-16,20243.6992
2017-02-17,20551.3496
2017-02-20,20677.0996
2017-02-21,20860.9492
2017-02-22,20868.4492
2017-02-23,20876.6504
2017-02-27,20613.0508
2017-02-28,20607.25
2017-03-01,20783.75
2017-03-02,20560.0508
2017-03-03,20495.5996
2017-03-06,20663.6504
2017-03-07,20627.5
2017-03-08,20676.5508
2017-03-09,20721.3496
2017-03-10,20727.5508
2017-03-14,21102.6992
2017-03-15,21157.9004
2017-03-16,21249.9004
2017-03-17,21175.0508
2017-03-20,21110.25
2017-03-21,21019.0
2017-03-22,20781.3496
2017-03-23,20895.5
2017-03-24,21122.5508
2017-03-27,21056.9004
2017-03-28,21225.4004
2017-03-29,21391.1504
2017-03-30,21620.6992
2017-03-31,21444.1504
2017-04-03,21547.75
2017-04-05,21652.6992
2017-04-06,21622.9492
2017-04-07,21431.1504
2017-04-10,21520.1504
2017-04-11,21736.1504
2017-04-12,21666.8008
2017-04-13,21686.5996
2017-04-17,21647.5996
2017-04-18,21671.8496
2017-04-19,21556.3496
2017-04-20,21491.4004
2017-04-21,21551.4492
2017-04-24,21857.4004
2017-04-25,22054.6992
2017-04-26,22242.8496
2017-04-27,22326.3008
2017-04-28,22358.25
2017-05-02,22341.3496
2017-05-03,22307.3008
2017-05-04,22720.0996
2017-05-05,22604.9492
2017-05-08,22767.3496
2017-05-09,22707.3008
2017-05-10,22830.3496
2017-05-11,22818.4492
2017-05-12,22671.6992
2017-05-15,22821.5
2017-05-16,22928.5996
2017-05-17,22935.9492
2017-05-18,22698.5996
2017-05-19,22769.8008
2017-05-22,22652.8496
2017-05-23,22582.8008
2017-05-24,22536.3008
2017-05-25,23190.8008
2017-05-26,23362.1992
2017-05-29,23182.75
2017-05-30,23307.25
2017-05-31,23424.8008
2017-06-01,23310.1504
2017-06-02,23375.9004
2017-06-05,23459.6504
2017-06-06,23416.3008
2017-06-07,23567.6504
2017-06-08,23536.0996
2017-06-09,23690.9004
2017-06-12,23470.4492
2017-06-13,23477.8496
2017-06-14,23498.6992
2017-06-15,23391.75
2017-06-16,23502.75
2017-06-19,23742.1504
2017-06-20,23697.9492
2017-06-21,23708.75
2017-06-22,23736.0996
2017-06-23,23542.75
2017-06-27,23216.25
2017-06-28,23235.8496
2017-06-29,23227.3008
2017-06-30,23211.1992
2017-07-03,23272.8008
2017-07-04,23214.1992
2017-07-05,23352.5996
2017-07-06,23466.6504
2017-07-07,23449.1504
2017-07-10,23675.0508
2017-07-11,23584.5996
2017-07-12,23695.4492
2017-07-13,23888.6504
2017-07-14,23937.6992
2017-07-17,24015.0508
2017-07-18,24022.0508
2017-07-19,24152.6504
2017-07-20,24213.3496
2017-07-21,24257.0508
2017-07-24,24420.8496
2017-07-25,24520.6992
2017-07-26,24670.6992
2017-07-27,24922.4004
2017-07-28,24811.3008
2017-07-31,25103.6504
2017-08-01,25122.8008
2017-08-02,25055.1992
2017-08-03,24675.0508
2017-08-04,24827.4492
2017-08-07,24906.3496
2017-08-08,24599.5
2017-08-09,24374.5996
2017-08-10,24217.3496
2017-08-11,23985.75
2017-08-14,24115.75
2017-08-16,24437.6992
2017-08-17,24237.25
2017-08-18,24074.4492
2017-08-21,23936.5
2017-08-22,23974.4492
2017-08-23,24316.8008
2017-08-24,24274.1992
2017-08-28,24377.0996
2017-08-29,24128.9492
2017-08-30,24308.6992
2017-08-31,24318.4004
2017-09-01,24434.0
2017-09-04,24236.8496
2017-09-05,24328.3008
2017-09-06,24279.1504
2017-09-07,24304.9004
2017-09-08,24370.8008
2017-09-11,24672.25
2017-09-12,24784.6992
2017-09-13,24831.8008
2017-09-14,24912.25
2017-09-15,24844.3008
2017-09-18,25046.9004
2017-09-19,25041.5508
2017-09-20,24965.0508
2017-09-21,24799.25
2017-09-22,24368.8496
2017-09-25,24165.0508
2017-09-26,24199.1504
2017-09-27,23812.9492
2017-09-28,24008.1504
2017-09-29,24053.0
2017-10-03,24103.4004
2017-10-04,24113.3008
2017-10-05,24058.0508
2017-10-06,24190.0
2017-10-09,24251.9004
2017-10-10,24347.4492
2017-10-11,24107.4492
2017-10-12,24361.25
2017-10-13,24689.1504
2017-10-16,24703.0508
2017-10-17,24645.5996
2017-10-18,24313.75
2017-10-19,24009.75
2017-10-23,24088.9004
2017-10-24,24222.1504
2017-10-25,25035.9004
2017-10-26,25022.1992
2017-10-27,24839.5508
2017-10-30,24988.5508
2017-10-31,25019.3496
2017-11-01,25490.4492
2017-11-02,25427.3008
2017-11-03,25650.6992
2017-11-06,25571.1504
2017-11-07,25300.8008
2017-11-08,25184.3496
2017-11-09,25291.3496
2017-11-10,25498.9492
2017-11-13,25358.3008
2017-11-14,25284.5996
2017-11-15,25218.9004
2017-11-16,25446.5996
2017-11-17,25728.4004
2017-11-20,25768.5996
2017-11-21,25757.5
2017-11-22,25766.6504
2017-11-23,25736.25
2017-11-24,25779.6504
2017-11-27,25891.9492
2017-11-28,25846.4004
2017-11-29,25795.6992
2017-11-30,25332.4004
2017-12-01,25191.9492
2017-12-04,25075.0996
2017-12-05,25124.8496
2017-12-06,24851.8008
2017-12-07,25057.25
2017-12-08,25321.1504
2017-12-11,25404.8496
2017-12-12,25125.4492
2017-12-13,25000.3496
2017-12-14,25168.1992
2017-12-15,25440.3008
2017-12-18,25594.5508
2017-12-19,25716.1992
2017-12-20,25591.6992
2017-12-21,25554.3008
2017-12-22,25648.5508
2017-12-26,25675.25
2017-12-27,25496.0508
2017-12-28,25490.0
2017-12-29,25539.4492
2018-01-01,25318.0996
2018-01-02,25338.25
2018-01-03,25318.5996
2018-01-04,25462.5996
2018-01-05,25601.8496
2018-01-08,25676.0996
2018-01-09,25703.8008
2018-01-10,25617.3008
2018-01-11,25660.9004
2018-01-12,25749.0508
2018-01-15,26069.1992
2018-01-16,25974.9004
2018-01-17,26289.0996
2018-01-18,26537.4004
2018-01-19,26909.5
2018-01-22,27041.1992
2018-01-23,27390.5996
2018-01-24,27398.5508
2018-01-25,27445.6504
2018-01-29,27498.4492
2018-01-30,27269.0508
2018-01-31,27379.4492
2018-02-01,27220.6992
2018-02-02,26451.1504
2018-02-05,26098.75
2018-02-06,25811.3008
2018-02-07,25670.0
2018-02-08,25920.6504
2018-02-09,25463.6504
2018-02-12,25701.5996
2018-02-14,25341.25
2018-02-15,25424.3496
2018-02-16,25163.9004
2018-02-19,25058.5508
2018-02-20,24874.4004
2018-02-21,24936.6992
2018-02-22,24955.1992
2018-02-23,25302.5
2018-02-26,25687.9004
2018-02-27,25383.5996
2018-02-28,25107.4004
2018-03-01,24902.5508
2018-03-05,24818.6992
2018-03-06,24448.4492
2018-03-07,24134.0996
2018-03-08,24477.6504
2018-03-09,24296.4492
2018-03-12,24664.1992
2018-03-13,24738.6504
2018-03-14,24851.6504
2018-03-15,24791.8496
2018-03-16,24489.5508
2018-03-19,24245.0996
2018-03-20,24168.1992
2018-03-21,24255.5996
2018-03-22,24141.5
2018-03-23,23670.4004
2018-03-26,24244.3496
2018-03-27,24434.1504
2018-03-28,24263.3496
2018-04-02,24328.5
2018-04-03,24510.5996
2018-04-04,24129.5
2018-04-05,24759.8008
2018-04-06,24873.1504
2018-04-09,25093.8008
2018-04-10,25226.8008
2018-04-11,25098.25
2018-04-12,25195.0996
2018-04-13,25200.5996
2018-04-16,25320.8496
2018-04-17,25334.4492
2018-04-18,25102.3008
2018-04-19,25126.1504
2018-04-20,24943.8496
2018-04-23,24960.6504
2018-04-24,25042.0996
2018-04-25,24814.4004
2018-04-26,25010.9004
2018-04-27,25394.5996
2018-04-30,25531.5996
2018-05-02,25568.3008
2018-05-03,25605.25
2018-05-04,25645.4004
2018-05-07,25852.0508
2018-05-08,26090.5
2018-05-09,26154.4492
2018-05-10,26131.0
2018-05-11,26413.1504
2018-05-14,26475.1504
2018-05-15,26474.0
2018-05-16,26182.1504
2018-05-17,26073.8008
2018-05-18,25875.5996
2018-05-21,25750.8008
2018-05-22,25777.6992
2018-05-23,25684.9492
2018-05-24,26016.8008
2018-05-25,26273.5508
2018-05-28,26614.25
2018-05-29,26254.8008
2018-05-30,26327.8008
2018-05-31,26956.1992
2018-06-01,26692.8008
2018-06-04,26257.5508
2018-06-05,26251.0
2018-06-06,26367.5996
2018-06-07,26517.8008
2018-06-08,26451.3496
2018-06-11,26453.5508
2018-06-12,26607.0996
2018-06-13,26642.8008
2018-06-14,26562.25
2018-06-15,26417.4004
2018-06-18,26409.3008
2018-06-19,26265.75
2018-06-20,26557.6992
2018-06-21,26496.9492
2018-06-22,26766.8496
2018-06-25,26609.6992
2018-06-26,26601.6992
2018-06-27,26423.4004
2018-06-28,26324.5996
2018-06-29,26364.1992
2018-07-02,26230.3008
2018-07-03,26204.0996
2018-07-04,26433.9492
2018-07-05,26503.3008
2018-07-06,26493.8496
2018-07-09,26753.3008
2018-07-10,26894.5508
2018-07-11,26816.1992
2018-07-12,27026.5508
2018-07-13,26935.9492
2018-07-16,26679.8008
2018-07-17,27008.0996
2018-07-18,26880.9004
2018-07-19,26789.6504
2018-07-20,26873.1992
2018-07-23,27008.1504
2018-07-24,26974.4004
2018-07-25,27031.3008
2018-07-26,27406.4004
2018-07-27,27634.4004
2018-07-30,27842.5996
2018-07-31,27764.1504
2018-08-01,27596.5996
2018-08-02,27355.9492
2018-08-03,27695.5
2018-08-06,27898.5
2018-08-07,27875.9004
2018-08-08,28062.4492
2018-08-09,28320.0
2018-08-10,28124.25
2018-08-13,27794.4004
2018-08-14,28021.6992
2018-08-16,27826.5508
2018-08-17,28128.5508
2018-08-20,28274.25
2018-08-21,28257.9004
2018-08-23,28027.9004
2018-08-24,27834.6992
2018-08-27,28264.1992
2018-08-28,28269.6504
2018-08-29,28224.0996
2018-08-30,28103.25
2018-08-31,28061.75
2018-09-03,27819.5
2018-09-04,27430.75
2018-09-05,27376.0508
2018-09-06,27468.6992
2018-09-07,27481.4492
2018-09-10,27201.75
2018-09-11,26807.5
2018-09-12,26819.1992
2018-09-14,27163.8496
2018-09-17,26820.3008
2018-09-18,26441.4492
2018-09-19,26277.3496
2018-09-21,25596.9004
2018-09-24,24970.3496
2018-09-25,25330.3496
2018-09-26,25376.3008
2018-09-27,25042.1504
2018-09-28,25119.8496
2018-10-01,25367.0
2018-10-03,25069.9004
2018-10-04,24819.3008
2018-10-05,24443.4492
2018-10-08,24618.3496
2018-10-09,24527.6504
2018-10-10,25321.6992
2018-10-11,24783.9492
2018-10-12,25395.8496
2018-10-15,25388.0508
2018-10-16,25589.6504
2018-10-17,25188.5996
2018-10-19,25085.8008
2018-10-22,25078.5996
2018-10-23,24972.4492
2018-10-24,25064.1992
2018-10-25,24817.4492
2018-10-26,24421.0508
2018-10-29,24959.6992
2018-10-30,24807.75
2018-10-31,25153.25
2018-11-01,25323.6504
2018-11-02,25701.6504
2018-11-05,25732.1992
2018-11-06,25598.0
2018-11-07,25769.6992
2018-11-09,25771.0
2018-11-12,25539.75
2018-11-13,25768.5996
2018-11-14,25930.1504
2018-11-15,26154.75
2018-11-16,26245.5508
2018-11-19,26300.6992
2018-11-20,26113.3496
2018-11-21,26262.0508
2018-11-22,25999.4492
2018-11-26,26365.5996
2018-11-27,26443.0996
2018-11-28,26457.9492
2018-11-29,26939.5996
2018-11-30,26862.9492
2018-12-03,26857.5508
2018-12-04,26693.8008
2018-12-05,26519.5996
2018-12-06,26198.3008
2018-12-07,26594.3008
2018-12-10,26102.6504
2018-12-11,26163.4004
2018-12-12,26643.8496
2018-12-13,26816.3496
2018-12-14,26826.0
2018-12-17,27015.8008
2018-12-18,27174.6992
2018-12-19,27298.4004
2018-12-20,27275.0996
2018-12-21,26869.6504
2018-12-24,26714.75
2018-12-26,26986.8008
2018-12-27,26878.5508
2018-12-28,27125.25
2018-12-31,27160.1992
2019-01-01,27392.4004
2019-01-02,27174.6992
2019-01-03,26959.8496
2019-01-04,27195.0
2019-01-07,27304.5508
2019-01-08,27509.5
2019-01-09,27720.4004
2019-01-10,27528.5508
2019-01-11,27453.9004
2019-01-14,27248.25
2019-01-15,27400.75
2019-01-16,27483.6992
2019-01-17,27528.75
2019-01-18,27456.6992
2019-01-21,27533.5996
2019-01-22,27482.25
2019-01-23,27250.75
2019-01-24,27266.4004
2019-01-25,27115.3008
2019-01-28,26653.0508
2019-01-29,26573.4004
2019-01-30,26825.5
2019-01-31,27295.4492
2019-02-01,27085.9492
2019-02-04,27186.5996
2019-02-05,27271.6992
2019-02-06,27402.3496
2019-02-07,27387.1504
2019-02-08,27294.4004
2019-02-11,27227.8008
2019-02-12,27010.75
2019-02-14,26970.5996
2019-02-15,26794.25
2019-02-18,26654.25
2019-02-19,26684.8496
2019-02-20,26955.5
2019-02-21,27052.4004
2019-02-22,26867.5508
2019-02-25,27159.25
2019-02-26,26952.9492
2019-02-27,26799.3008
2019-02-28,26789.9004
2019-03-01,27043.9004
2019-03-05,27554.0508
2019-03-06,27625.6504
2019-03-07,27764.5996
2019-03-08,27761.8008
2019-03-11,27966.6504
2019-03-12,28443.6992
2019-03-13,28884.3008
2019-03-14,28923.0996
2019-03-15,29381.4492
2019-03-18,29596.0996
2019-03-19,29767.8496
2019-03-20,29832.1992
2019-03-22,29582.5
2019-03-25,29281.1992
2019-03-26,29882.1504
2019-03-27,30019.8008
2019-03-28,30420.5508
2019-04-01,30326.5
2019-04-02,30354.25
2019-04-03,30093.3008
2019-04-04,29904.9004
2019-04-05,30084.6504
2019-04-08,29845.3008
2019-04-09,30113.8496
2019-04-10,29803.5
2019-04-11,29786.0996
2019-04-12,29938.5508
2019-04-15,30104.25
2019-04-16,30531.3496
2019-04-18,30223.4004
2019-04-22,29687.9492
2019-04-23,29479.6992
2019-04-24,29860.8008
2019-04-25,29561.3496
2019-04-26,30013.5
2019-04-30,29764.8008
2019-05-02,29708.5996
2019-05-03,29954.1504
2019-05-06,29618.4492
2019-05-07,29288.1992
2019-05-08,28994.4004
2019-05-09,28884.5996
2019-05-10,29040.5
2019-05-13,28659.9492
2019-05-14,28829.1992
2019-05-15,28616.4492
2019-05-16,28855.3008
2019-05-17,29450.1504
2019-05-20,30759.6992
2019-05-21,30308.4004
2019-05-22,30526.8008
2019-05-23,30409.0996
2019-05-24,31212.5508
2019-05-27,31647.6504
2019-05-28,31597.9004
2019-05-29,31295.5508
2019-05-30,31537.0996
2019-05-31,31375.4004
2019-06-03,31653.6504
2019-06-04,31589.0508
2019-06-06,30857.4004
2019-06-07,31066.5508
2019-06-10,31034.0
2019-06-11,31265.4492
2019-06-12,30965.6992
2019-06-13,30976.0996
2019-06-14,30614.3496
2019-06-17,30273.25
2019-06-18,30351.0
2019-06-19,30362.0996
2019-06-20,30781.0996
2019-06-21,30628.3496
2019-06-24,30602.0508
2019-06-25,30847.0508
2019-06-26,31162.3496
2019-06-27,31269.5
2019-06-28,31105.1992
2019-07-01,31372.1992
2019-07-02,31283.3008
2019-07-03,31382.3008
2019-07-04,31471.8496
2019-07-05,31475.8008
2019-07-08,30603.8496
2019-07-09,30569.1504
2019-07-10,30522.0996
2019-07-11,30716.5508
2019-07-12,30601.4492
2019-07-15,30445.9492
2019-07-16,30570.8008
2019-07-17,30735.5
2019-07-18,30430.5996
2019-07-19,29770.3496
2019-07-22,29284.9492
2019-07-23,29128.0996
2019-07-24,28952.25
2019-07-25,29043.0508
2019-07-26,29325.3008
2019-07-29,29295.9004
2019-07-30,28791.5996
2019-07-31,28876.0
2019-08-01,28367.25
2019-08-02,28204.9492
2019-08-05,27648.0508
2019-08-06,28022.0996
2019-08-07,27702.0508
2019-08-08,28110.4492
2019-08-09,28431.9004
2019-08-13,27729.0996
2019-08-14,28019.1992
2019-08-16,28217.0
2019-08-19,28186.0996
2019-08-20,27982.4492
2019-08-21,27719.0508
2019-08-22,27034.1992
2019-08-23,26958.6504
2019-08-26,27951.3496
2019-08-27,28126.1504
2019-08-28,27804.3008
2019-08-29,27305.1992
2019-08-30,27427.8496
2019-09-03,26824.1504
2019-09-04,27123.8496
2019-09-05,26919.6992
2019-09-06,27247.9004
2019-09-09,27504.6504
2019-09-11,27776.1992
2019-09-12,27818.5
2019-09-13,28098.75
2019-09-16,27855.0
2019-09-17,27131.75
2019-09-18,27172.6504
2019-09-19,26757.6504
2019-09-20,28981.5508
2019-09-23,30566.1992
2019-09-24,30183.0996
2019-09-25,29586.0508
2019-09-26,30002.5996
2019-09-27,29876.6504
2019-09-30,29103.1504
2019-10-01,28725.5
2019-10-03,28414.0996
2019-10-04,27731.8496
2019-10-07,27767.5508
2019-10-09,28785.8496
2019-10-10,28013.4492
2019-10-11,28042.5
2019-10-14,28181.9492
2019-10-15,28555.0996
2019-10-16,28538.8008
2019-10-17,28989.4492
2019-10-18,29120.25
2019-10-22,29411.1504
2019-10-23,29459.5996
2019-10-24,29107.9492
2019-10-25,29395.9492
2019-10-29,29873.0508
2019-10-30,29987.5
2019-10-31,30066.25
2019-11-01,30330.5508
2019-11-04,30333.0996
2019-11-05,30219.8496
2019-11-06,30609.5996
2019-11-07,30633.1504
2019-11-08,30749.4004
2019-11-11,31115.5508
2019-11-13,30541.5508
2019-11-14,30749.9492
2019-11-15,31008.4004
2019-11-18,30992.0996
2019-11-19,31236.25
2019-11-20,31353.8496
2019-11-21,31349.9492
2019-11-22,31111.5996
2019-11-25,31555.9004
2019-11-26,31718.3496
2019-11-27,31875.9492
2019-11-28,32122.9492
2019-11-29,31946.0996
2019-12-02,31871.4492
2019-12-03,31613.3496
2019-12-04,31979.3008
2019-12-05,31712.9492
2019-12-06,31341.5508
2019-12-09,31316.6504
2019-12-10,31160.3496
2019-12-11,31256.75
2019-12-12,31665.4492
2019-12-13,32014.25
2019-12-16,31974.1992
2019-12-17,32140.25
2019-12-18,32244.25
2019-12-19,32241.4492
2019-12-20,32384.9492
2019-12-23,32339.4492
2019-12-24,32280.75
2019-12-26,31997.6992
2019-12-27,32412.3496
2019-12-30,32354.9004
2019-12-31,32161.6504
2020-01-01,32102.9004
2020-01-02,32443.8496
2020-01-03,32069.25
2020-01-06,31237.1504
2020-01-07,31399.4004
2020-01-08,31373.6504
2020-01-09,32092.4004
2020-01-10,32097.4004
2020-01-13,32177.6504
2020-01-14,32071.6504
2020-01-15,31824.9004
2020-01-16,31853.9004
2020-01-17,31590.6504
2020-01-20,31080.6504
2020-01-21,30947.5508
2020-01-22,30701.4492
2020-01-23,31004.0508
2020-01-24,31241.75
2020-01-27,30837.4004
2020-01-28,30761.4004
2020-01-29,30877.0
2020-01-30,30647.4004
2020-01-31,30833.5996
2020-02-03,30023.25
2020-02-04,30686.6992
2020-02-05,31001.9492
2020-02-06,31304.0508
2020-02-07,31201.9492
2020-02-10,31058.1504
2020-02-11,31300.5996
2020-02-12,31492.9004
2020-02-13,31230.25
2020-02-14,30834.8008
2020-02-17,30680.6992
2020-02-18,30562.5
2020-02-19,30838.1992
2020-02-20,30942.8496
2020-02-24,30455.0996
2020-02-25,30432.6992
2020-02-26,30306.8496
2020-02-27,30187.0
2020-02-28,29147.1504
2020-03-02,28868.4004
2020-03-03,29177.0508
2020-03-04,28653.6992
2020-03-05,28815.3496
2020-03-06,27801.4492
2020-03-09,26462.5996
2020-03-11,26487.8008
2020-03-12,23971.1504
2020-03-13,25166.4492
2020-03-16,23101.1504
2020-03-17,22155.1504
2020-03-18,20580.1992
2020-03-19,20083.5
2020-03-20,20317.5996
2020-03-23,16917.6504
2020-03-24,17107.3008
2020-03-25,18481.0508
2020-03-26,19613.9004
2020-03-27,19969.0
2020-03-30,18782.4004
2020-03-31,19144.0
2020-04-01,18208.3496
2020-04-03,17249.3008
2020-04-07,19062.5
2020-04-08,18946.4492
2020-04-09,19913.5996
2020-04-13,19488.0
2020-04-15,19057.0508
2020-04-16,19400.0
2020-04-17,20681.4492
2020-04-20,20522.6504
2020-04-21,19409.3496
2020-04-22,19701.8496
2020-04-23,20267.9492
2020-04-24,19586.6504
2020-04-27,20081.1504
2020-04-28,20671.0996
2020-04-29,21090.1992
2020-04-30,21534.5
2020-05-04,19743.75
2020-05-05,19271.75
2020-05-06,19694.5508
2020-05-07,19491.8008
2020-05-08,19352.9004
2020-05-11,18950.5
2020-05-12,18862.8496
2020-05-13,19634.9492
2020-05-14,19068.5
2020-05-15,18833.9492
2020-05-18,17573.1992
2020-05-19,17486.25
2020-05-20,17840.1992
2020-05-21,17735.0996
2020-05-22,17278.9004
2020-05-26,17440.3496
2020-05-27,18710.5508
2020-05-28,19169.8008
2020-05-29,19297.25
2020-06-01,19959.9004
2020-06-02,20530.1992
2020-06-03,20940.6992
2020-06-04,20390.4492
2020-06-05,21034.5
2020-06-08,21187.3496
2020-06-09,20724.9004
2020-06-10,21100.0996
2020-06-11,20525.1504
2020-06-12,20654.5508
2020-06-15,19912.9004
2020-06-16,20296.6992
2020-06-17,20201.75
2020-06-18,20956.3008
2020-06-19,21338.0996
2020-06-22,21708.3496
2020-06-23,22264.9004
2020-06-24,21426.8008
2020-06-25,21506.1504
2020-06-26,21592.0508
2020-06-29,21359.0
2020-06-30,21370.1504
2020-07-01,21977.5996
2020-07-02,21953.1992
2020-07-03,21852.4004
2020-07-06,22198.9492
2020-07-07,22628.0
2020-07-08,22584.6504
2020-07-09,22907.1992
2020-07-10,22398.4492
2020-07-13,22089.25
2020-07-14,21392.1992
2020-07-15,21340.75
2020-07-16,21597.1504
2020-07-17,21966.8008
2020-07-20,22321.8496
2020-07-21,22782.0
2020-07-22,22882.5996
2020-07-23,23083.9004
2020-07-24,22662.0508
2020-07-27,21848.75
2020-07-28,22105.1992
2020-07-29,22076.5996
2020-07-30,21646.8496
2020-07-31,21640.0508
2020-08-03,21072.0996
2020-08-04,21490.5
2020-08-05,21509.9492
2020-08-06,21642.5996
2020-08-07,21754.0
2020-08-10,21900.25
2020-08-11,22227.1992
2020-08-12,22264.0
2020-08-13,22196.3496
2020-08-14,21679.4004
2020-08-17,21700.8496
2020-08-18,22170.5996
2020-08-19,22285.9004
2020-08-20,21999.4492
2020-08-21,22299.5996
2020-08-24,22833.0
2020-08-25,23092.1504
2020-08-26,23414.1992
2020-08-27,23600.3496
2020-08-28,24523.8008
2020-08-31,23754.3496
2020-09-01,23812.0
2020-09-02,23874.5508
2020-09-03,23530.8496
2020-09-04,23011.5
2020-09-07,22945.0508
2020-09-08,22744.4004
2020-09-09,22267.0
2020-09-10,22466.1992
2020-09-11,22479.9492
2020-09-14,22101.25
2020-09-15,22465.6504
2020-09-16,22573.5508
2020-09-17,22320.3496
2020-09-18,22031.0508
2020-09-21,21366.8008
2020-09-22,21139.0996
2020-09-23,21178.5
2020-09-24,20456.8496
2020-09-25,20982.3496
2020-09-28,21665.5
2020-09-29,21411.3008
2020-09-30,21451.8008
2020-10-01,22246.0
2020-10-05,22370.9492
2020-10-06,22853.6992
2020-10-07,22964.8008
2020-10-08,23191.3496
2020-10-09,23846.8008
2020-10-12,23712.8008
2020-10-13,23492.1992
2020-10-14,23874.6504
2020-10-15,23072.4004
2020-10-16,23533.25
2020-10-19,24266.75
2020-10-20,24311.8008
2020-10-21,24635.0508
2020-10-22,24484.1504
2020-10-23,24478.3008
2020-10-26,24075.4492
2020-10-27,24769.5
2020-10-28,24232.5
2020-10-29,24092.0
2020-10-30,23900.9004
2020-11-02,24892.5
2020-11-03,25682.8008
2020-11-04,25771.5996
2020-11-05,26313.0996
2020-11-06,26798.9492
2020-11-09,27534.0996
2020-11-10,28606.0
2020-11-11,28845.0
2020-11-12,28278.8008
2020-11-13,28465.6992
2020-11-17,29181.3008
2020-11-18,29749.8496
2020-11-19,28903.0508
2020-11-20,29236.0
2020-11-23,29024.1992
2020-11-24,29737.25
2020-11-25,29196.4004
2020-11-26,29549.75
2020-11-27,29609.0508
2020-12-01,29817.8496
2020-12-02,29463.1504
2020-12-03,29448.75
2020-12-04,30052.4004
2020-12-07,30211.5508
2020-12-08,30261.9004
2020-12-09,30709.4004
2020-12-10,30510.3496
2020-12-11,30604.8496
2020-12-14,30745.9004
2020-12-15,30691.0508
2020-12-16,30698.4004
2020-12-17,30847.0508
2020-12-18,30714.6504
2020-12-21,29456.4492
2020-12-22,29625.9492
2020-12-23,29883.3008
2020-12-24,30402.1992
2020-12-28,30880.9492
2020-12-29,31322.5
2020-12-30,31303.0508
2020-12-31,31264.0508
2021-01-01,31225.8496
2021-01-04,31212.4492
2021-01-05,31722.25
2021-01-06,31797.9004
2021-01-07,31956.0
2021-01-08,32084.1992
2021-01-11,31998.9004
2021-01-12,32339.0
2021-01-13,32574.6504
2021-01-14,32519.75
2021-01-15,32246.8008
2021-01-18,31811.75
2021-01-19,32424.8496
2021-01-20,32543.6992
2021-01-21,32186.9004
2021-01-22,31167.25
2021-01-25,31198.4004
2021-01-27,30284.5508
2021-01-28,30358.3008
2021-01-29,30565.5
2021-02-01,33089.0508
2021-02-02,34267.8984
2021-02-03,34758.4492
2021-02-04,35344.8008
2021-02-05,35654.5
2021-02-08,35983.6484
2021-02-09,36056.5
2021-02-10,35783.1016
2021-02-11,35752.1016
2021-02-12,36108.8984
2021-02-15,37306.25
2021-02-16,37098.3984
2021-02-17,36910.9492
2021-02-18,36587.0
2021-02-19,35841.6016
2021-02-22,35257.1992
2021-02-23,35116.9492
2021-02-24,36452.3008
2021-02-25,36549.0
2021-02-26,34803.6016
2021-03-01,35296.0
2021-03-02,35419.6992
2021-03-03,36368.0508
2021-03-04,35802.5
2021-03-05,35228.1484
2021-03-08,35275.75
2021-03-09,35865.6484
2021-03-10,35938.3008
2021-03-12,35496.6484
2021-03-15,35182.5508
2021-03-16,34804.6016
2021-03-17,34229.25
2021-03-18,33856.8008
2021-03-19,34161.6016
2021-03-22,33603.4492
2021-03-23,34184.3984
2021-03-24,33293.25
2021-03-25,33006.4492
2021-03-26,33318.1992
2021-03-30,33875.1016
2021-03-31,33303.8984
2021-04-01,33858.0
2021-04-05,32678.8496
2021-04-06,32501.3496
2021-04-07,32991.1992
2021-04-08,32782.8516
2021-04-09,32448.0508
2021-04-12,30792.0
2021-04-13,31771.5996
2021-04-15,32112.8496
2021-04-16,31977.4492
2021-04-19,31208.4004
2021-04-20,31112.6992
2021-04-22,31782.5996
2021-04-23,31722.3008
2021-04-26,32275.1504
2021-04-27,32735.3496
2021-04-28,33722.8008
2021-04-29,33714.5
2021-04-30,32781.8008
2021-05-03,32465.75
2021-05-04,32270.3496
2021-05-05,32783.6992
2021-05-06,32827.8008
2021-05-07,32904.5
2021-05-10,33142.3984
2021-05-11,32872.1992
2021-05-12,32452.3008
2021-05-14,32169.5508
2021-05-17,33459.25
2021-05-18,33922.3984
2021-05-19,33685.1992
2021-05-20,33334.5508
2021-05-21,34606.8984
2021-05-24,34943.6016
2021-05-25,34662.0
2021-05-26,34684.1992
2021-05-27,35095.0508
2021-05-28,35141.4492
2021-05-31,35526.6484
2021-06-01,35337.1992
2021-06-02,35373.75
2021-06-03,35649.0
2021-06-04,35291.6484
2021-06-07,35443.6484
2021-06-08,35085.3008
2021-06-09,34800.5
2021-06-10,35131.1992
2021-06-11,35047.3984
2021-06-14,34950.6016
2021-06-15,35247.75
2021-06-16,35003.5
2021-06-17,34605.3984
2021-06-18,34558.0
2021-06-21,34871.3008
2021-06-22,34745.0
2021-06-23,34574.0
2021-06-24,34827.0
2021-06-25,35364.6484
2021-06-28,35359.4492
2021-06-29,35010.3008
2021-06-30,34772.1992
2021-07-01,34684.0
2021-07-02,34809.8984
2021-07-05,35212.0
2021-07-06,35579.1484
2021-07-07,35771.3008
2021-07-08,35274.1016
2021-07-09,35071.9492
2021-07-12,35198.8984
2021-07-13,35673.3984
2021-07-14,35668.25
2021-07-15,35907.6484
2021-07-16,35751.8008
2021-07-19,35079.1992
2021-07-20,34415.4492
2021-07-22,34677.3008
2021-07-23,35034.3984
2021-07-26,34949.6992
2021-07-27,34797.4492
2021-07-28,34532.8984
2021-07-29,34691.5
2021-07-30,34584.3516
2021-08-02,34710.0
2021-08-03,35207.4492
2021-08-04,36028.0508
2021-08-05,35834.75
2021-08-06,35809.25
2021-08-09,36028.9492
2021-08-10,36034.1016
2021-08-11,35806.3984
2021-08-12,35937.0508
2021-08-13,36169.3516
2021-08-16,36094.5
2021-08-17,35867.4492
2021-08-18,35554.5
2021-08-20,35033.8516
2021-08-23,35124.3984
2021-08-24,35712.1016
2021-08-25,35586.25
2021-08-26,35617.5508
2021-08-27,35627.8008
2021-08-30,36347.6484
2021-08-31,36424.6016
2021-09-01,36574.3008
2021-09-02,36831.3008
2021-09-03,36761.1484
2021-09-06,36592.3516
2021-09-07,36468.8008
2021-09-08,36768.1992
2021-09-09,36683.1992
2021-09-13,36471.8008
2021-09-14,36613.0508
2021-09-15,36852.25
2021-09-16,37668.6016
2021-09-17,37811.9492
2021-09-20,37145.6992
2021-09-21,37235.8516
2021-09-22,36944.6484
2021-09-23,37771.6992
2021-09-24,37830.3008
2021-09-27,38171.25
2021-09-28,37945.0
2021-09-29,37743.0
2021-09-30,37425.1016
2021-10-01,37225.8984
2021-10-04,37579.6484
2021-10-05,37741.0
2021-10-06,37521.5508
2021-10-07,37753.1992
2021-10-08,37775.25
2021-10-11,38293.8008
2021-10-12,38521.5
2021-10-13,38635.75
2021-10-14,39340.8984
2021-10-18,39684.8008
2021-10-19,39540.5
2021-10-20,39518.1992
2021-10-21,40030.1992
2021-10-22,40323.6484
2021-10-25,41192.3984
2021-10-26,41238.3008
2021-10-27,40874.3516
2021-10-28,39508.9492
2021-10-29,39115.6016
2021-11-01,39763.75
2021-11-02,39938.4492
2021-11-03,39402.0508
2021-11-04,39573.6992
2021-11-08,39438.25
2021-11-09,39368.8008
2021-11-10,39023.25
2021-11-11,38560.1992
2021-11-12,38733.3516
2021-11-15,38702.3516
2021-11-16,38307.1016
2021-11-17,38041.5508
2021-11-18,37976.25
2021-11-22,37128.8008
2021-11-23,37272.8008
2021-11-24,37441.9492
2021-11-25,37364.75
2021-11-26,36025.5
2021-11-29,35976.4492
2021-11-30,35695.3008
2021-12-01,36364.8984
2021-12-02,36508.25
2021-12-03,36197.1484
2021-12-06,35735.8984
2021-12-07,36618.3984
2021-12-08,37284.6992
2021-12-09,37082.4492
2021-12-10,37105.6484
2021-12-13,36925.25
2021-12-14,36893.9492
2021-12-15,36789.5508
2021-12-16,36548.6484
2021-12-17,35618.6484
2021-12-20,34439.8516
2021-12-21,34607.8516
2021-12-22,35029.5
2021-12-23,35191.1484
2021-12-24,34857.0508
2021-12-27,35057.8984
2021-12-28,35183.8008
2021-12-29,35045.3984
2021-12-30,35063.6016
2021-12-31,35481.6992
2022-01-03,36421.8984
2022-01-04,36840.1484
2022-01-05,37695.8984
2022-01-06,37490.25
2022-01-07,37739.6016
2022-01-10,38347.8984
2022-01-11,38442.1992
2022-01-12,38727.5508
2022-01-13,38469.9492
2022-01-14,38370.3984
2022-01-17,38216.1484
2022-01-18,38210.3008
2022-01-19,38041.3516
2022-01-20,37850.8516
2022-01-21,37574.3008
2022-01-24,36947.5508
2022-01-25,37706.75
2022-01-27,37982.1016
2022-01-28,37689.3984
2022-01-31,37975.3516
2022-02-01,38505.5
2022-02-02,39330.5
2022-02-03,39010.0
2022-02-04,38789.3516
2022-02-07,37995.4492
2022-02-08,38028.4492
2022-02-09,38610.25
2022-02-10,39010.9492
2022-02-11,38517.25
2022-02-14,36908.5508
2022-02-15,38170.1016
2022-02-16,37953.8008
2022-02-17,37531.6484
2022-02-18,37599.1484
2022-02-21,37685.6016
2022-02-22,37371.6484
2022-02-23,37392.0508
2022-02-24,35228.1016
2022-02-25,36430.75
2022-02-28,36205.3008
2022-03-02,35372.8008
2022-03-03,34944.3008
2022-03-04,34407.8008
2022-03-07,32871.25
2022-03-08,33158.1016
2022-03-09,33815.4492
2022-03-10,34475.6016
2022-03-11,34546.25
2022-03-14,35312.1484
2022-03-15,35022.6484
2022-03-16,35748.25
2022-03-17,36428.5508
2022-03-21,36018.5
2022-03-22,36348.5508
2022-03-23,36147.3516
2022-03-24,35527.1016
2022-03-25,35410.1016
2022-03-28,35710.5
2022-03-29,35847.3984
2022-03-30,36334.3008
2022-03-31,36373.6016
2022-04-01,37148.5
2022-04-04,38635.1992
2022-04-05,38067.8984
2022-04-06,37632.8008
2022-04-07,37557.3516
2022-04-08,37752.0508
2022-04-11,37613.8008
2022-04-12,37747.3984
2022-04-13,37463.3984
2022-04-18,36729.0
2022-04-19,36341.6016
2022-04-20,36314.8984
2022-04-21,36816.1016
2022-04-22,36044.75
2022-04-25,36082.3516
2022-04-26,36404.8008
2022-04-27,36028.8516
2022-04-28,36422.1992
2022-04-29,36088.1484
2022-05-02,36163.75
2022-05-04,35264.5508
2022-05-05,35232.8516
2022-05-06,34591.1992
2022-05-09,34275.3984
2022-05-10,34482.6484
2022-05-11,34693.1484
2022-05-12,33532.1484
2022-05-13,33121.3516
2022-05-16,33597.6016
2022-05-17,34301.8984
2022-05-18,34163.6992
2022-05-19,33315.6484
2022-05-20,34276.3984
2022-05-23,34247.6016
2022-05-24,34290.1484
2022-05-25,34339.5
2022-05-26,35094.8984
2022-05-27,35613.3008
2022-05-30,35826.9492
2022-05-31,35487.3984
2022-06-01,35620.8008
2022-06-02,35613.6484
2022-06-03,35275.0508
2022-06-06,35310.1992
2022-06-07,34996.0
2022-06-08,34946.1484
2022-06-09,35085.4492
2022-06-10,34483.8008
2022-06-13,33405.8516
2022-06-14,33311.3516
2022-06-15,33339.0
2022-06-16,32617.0996
2022-06-17,32743.0508
2022-06-20,32684.8008
2022-06-21,33191.75
2022-06-22,32845.3008
2022-06-23,33135.0
2022-06-24,33627.4492
2022-06-27,33811.25
2022-06-28,33642.4492
2022-06-29,33269.8984
2022-06-30,33425.1016
2022-07-01,33539.4492
2022-07-04,33940.8984
2022-07-05,33815.8984
2022-07-06,34324.25
2022-07-07,34920.3008
2022-07-08,35124.0508
2022-07-11,35469.6484
2022-07-12,35132.25
2022-07-13,34827.8008
2022-07-14,34651.1992
2022-07-15,34682.6484
2022-07-18,35358.6992
2022-07-19,35720.3516
2022-07-20,35972.1016
2022-07-21,36201.0
2022-07-22,36738.9492
2022-07-25,36726.3984
2022-07-26,36408.5
2022-07-27,36783.75
2022-07-28,37378.1484
2022-07-29,37491.3984
2022-08-01,37903.1992
2022-08-02,38024.0
2022-08-03,37989.25
2022-08-04,37755.5508
2022-08-05,37920.6016
2022-08-08,38237.3984
2022-08-10,38287.8516
2022-08-11,38879.8516
2022-08-12,39042.3008
2022-08-16,39239.6484
2022-08-17,39461.6992
2022-08-18,39656.1484
2022-08-19,38985.9492
2022-08-22,38297.75
2022-08-23,38697.6484
2022-08-24,39038.5
2022-08-25,38950.75
2022-08-26,38987.1484
2022-08-29,38276.6992
2022-08-30,39536.75
2022-09-01,39301.25
2022-09-02,39421.0
2022-09-05,39805.75
2022-09-06,39666.5
2022-09-07,39455.8984
2022-09-08,40208.9492
2022-09-09,40415.6992
2022-09-12,40574.0
2022-09-13,40873.1016
2022-09-14,41405.3984
2022-09-15,41209.1992
2022-09-16,40776.8008
2022-09-19,40904.3984
2022-09-20,41468.3008
2022-09-21,41203.4492
2022-09-22,40630.6016
2022-09-23,39546.25
2022-09-26,38616.25
2022-09-27,38359.1484
2022-09-28,37759.8516
2022-09-29,37647.75
2022-09-30,38631.9492
2022-10-03,38029.6484
2022-10-04,39110.0508
2022-10-06,39282.8516
2022-10-07,39178.0508
2022-10-10,39093.1016
2022-10-11,38712.4492
2022-10-12,39118.5508
2022-10-13,38624.0
2022-10-14,39305.6016
2022-10-17,39920.4492
2022-10-18,40318.75
2022-10-19,40373.1992
2022-10-20,40099.5508
2022-10-21,40784.0508
2022-10-24,41304.8984
2022-10-25,41122.75
2022-10-27,41299.3008
2022-10-28,40990.8516
2022-10-31,41307.8984
2022-11-01,41289.5508
2022-11-02,41146.6484
2022-11-03,41298.3516
2022-11-04,41258.4492
2022-11-07,41686.6992
2022-11-09,41783.1992
2022-11-10,41603.75
2022-11-11,42137.0508
2022-11-14,42076.75
2022-11-15,42372.6992
2022-11-16,42535.3008
2022-11-17,42458.0508
2022-11-18,42437.4492
2022-11-21,42346.5508
2022-11-22,42457.0508
2022-11-23,42729.1016
2022-11-24,43075.3984
2022-11-25,42983.9492
2022-11-28,43020.4492
2022-11-29,43053.4492
2022-11-30,43231.0
2022-12-01,43260.6484
2022-12-02,43103.75
2022-12-05,43332.9492
2022-12-06,43138.5508
2022-12-07,43098.6992
2022-12-08,43596.8516
2022-12-09,43633.4492
2022-12-12,43708.75
2022-12-13,43946.5508
2022-12-14,44049.1016
2022-12-15,43498.1992
2022-12-16,43219.5
2022-12-19,43413.75
2022-12-20,43359.5
2022-12-21,42617.9492
2022-12-22,42408.8008
2022-12-23,41668.0508
2022-12-26,42630.1484
2022-12-27,42859.5
2022-12-28,42827.6992
2022-12-29,43252.3516
2022-12-30,42986.4492
2023-01-02,43203.1016
2023-01-03,43425.25
2023-01-04,42958.8008
2023-01-05,42608.6992
2023-01-06,42188.8008
2023-01-09,42582.75
2023-01-10,42014.75
2023-01-11,42232.6992
2023-01-12,42082.25
2023-01-13,42371.25
2023-01-16,42167.5508
2023-01-17,42235.0508
2023-01-18,42458.0
2023-01-19,42328.8516
2023-01-20,42506.8008
2023-01-23,42821.25
2023-01-24,42733.4492
2023-01-25,41647.6484
2023-01-27,40345.3008
2023-01-30,40387.4492
2023-01-31,40655.0508
2023-02-01,40513.0
2023-02-02,40669.3008
2023-02-03,41499.6992
2023-02-06,41374.6484
2023-02-07,41490.9492
2023-02-08,41537.6484
2023-02-09,41554.3008
2023-02-10,41559.3984
2023-02-13,41282.1992
2023-02-14,41648.3516
2023-02-15,41731.0508
2023-02-16,41631.3516
2023-02-17,41131.75
2023-02-20,40701.6992
2023-02-21,40673.6016
2023-02-22,39995.8984
2023-02-23,40001.5508
2023-02-24,39909.3984
2023-02-27,40307.1016
2023-02-28,40269.0508
2023-03-01,40698.1484
2023-03-02,40389.8008
2023-03-03,41251.3516
2023-03-06,41350.3984
2023-03-08,41577.1016
2023-03-09,41256.75
2023-03-10,40485.4492
2023-03-13,39564.6992
2023-03-14,39411.3984
2023-03-15,39051.5
2023-03-16,39132.6016
2023-03-17,39598.1016
2023-03-20,39361.9492
2023-03-21,39894.6992
2023-03-22,39999.0508
2023-03-23,39616.8984
2023-03-24,39395.3516
2023-03-27,39431.3008
2023-03-28,39567.8984
2023-03-29,39910.1484
2023-03-31,40608.6484
2023-04-03,40813.0508
2023-04-05,40999.1484
2023-04-06,41041.0
2023-04-10,40834.6484
2023-04-11,41366.5
2023-04-12,41557.9492
2023-04-13,42132.5508
2023-04-17,42262.5508
2023-04-18,42265.1992
2023-04-19,42154.0
2023-04-20,42269.5
2023-04-21,42118.0
2023-04-24,42635.75
2023-04-25,42678.5
2023-04-26,42829.8984
2023-04-27,43000.8516
2023-04-28,43233.8984
2023-05-02,43352.1016
2023-05-03,43312.6992
2023-05-04,43685.4492
2023-05-05,42661.1992
2023-05-08,43284.0
2023-05-09,43198.1484
2023-05-10,43331.0508
2023-05-11,43475.3008
2023-05-12,43793.5508
2023-05-15,44072.1016
2023-05-16,43903.6992
2023-05-17,43698.6992
2023-05-18,43752.3008
2023-05-19,43969.3984
2023-05-22,43885.1016
2023-05-23,43954.4492
2023-05-24,43677.8516
2023-05-25,43681.3984
2023-05-26,44018.0
2023-05-29,44311.8984
2023-05-30,44436.3516
2023-05-31,44128.1484
2023-06-01,43790.1992
2023-06-02,43937.8516
2023-06-05,44101.6484
2023-06-06,44164.5508
2023-06-07,44275.3008
2023-06-08,43995.25
2023-06-09,43989.0
2023-06-12,43944.1992
2023-06-13,44079.8516
2023-06-14,43988.0
2023-06-15,43443.6016
2023-06-16,43938.1484
2023-06-19,43633.75
2023-06-20,43766.5
2023-06-21,43859.1992
2023-06-22,43724.8516
2023-06-23,43622.8984
2023-06-26,43641.0508
2023-06-27,44121.5
2023-06-28,44327.8008
2023-06-30,44747.3516
2023-07-03,45158.1016
2023-07-04,45301.4492
2023-07-05,45151.8008
2023-07-06,45339.8984
2023-07-07,44925.0
2023-07-10,44860.8516
2023-07-11,44745.0508
2023-07-12,44639.4492
2023-07-13,44665.0508
2023-07-14,44819.3008
2023-07-17,45449.75
2023-07-18,45410.8516
2023-07-19,45669.3008
2023-07-20,46186.8984
2023-07-21,46075.1992
2023-07-24,45923.0508
2023-07-25,45845.0
2023-07-26,46062.3516
2023-07-27,45679.3008
2023-07-28,45468.1016
2023-07-31,45651.1016
2023-08-01,45592.5
2023-08-02,44995.6992
2023-08-03,44513.4492
2023-08-04,44879.5
2023-08-07,44837.5
2023-08-08,44964.4492
2023-08-09,44880.6992
2023-08-10,44541.8008
2023-08-11,44199.1016
2023-08-14,44090.9492
2023-08-16,43946.3984
2023-08-17,43891.3516
2023-08-18,43851.0508
2023-08-21,44002.0
2023-08-22,43993.25
2023-08-23,44479.0508
2023-08-24,44496.1992
2023-08-25,44231.4492
2023-08-28,44494.6484
2023-08-29,44495.25
2023-08-30,44232.6016
2023-08-31,43989.1484
2023-09-01,44436.1016
2023-09-04,44578.3008
2023-09-05,44532.1484
2023-09-06,44409.1016
2023-09-07,44878.3516
2023-09-08,45156.3984
2023-09-11,45570.6992
2023-09-12,45511.3516
2023-09-13,45909.4492
2023-09-14,46000.8516
2023-09-15,46231.5
2023-09-18,45979.8516
2023-09-20,45384.6016
2023-09-21,44623.8516
2023-09-22,44612.0508
2023-09-25,44766.1016
2023-09-26,44624.1992
2023-09-27,44588.3008
2023-09-28,44300.9492
2023-09-29,44584.5508
2023-10-03,44399.0508
2023-10-04,43964.0508
2023-10-05,44213.3516
2023-10-06,44360.6016
2023-10-09,43886.5
2023-10-10,44360.1484
2023-10-11,44516.8984
2023-10-12,44599.1992
2023-10-13,44287.9492
2023-10-16,44225.8984
2023-10-17,44409.5
2023-10-18,43888.6992
2023-10-19,43754.5
2023-10-20,43723.0508
2023-10-23,43151.1992
2023-10-25,42832.0
2023-10-26,42280.1484
2023-10-27,42782.0
2023-10-30,43039.1484
2023-10-31,42845.9492
2023-11-01,42700.9492
2023-11-02,43017.1992
2023-11-03,43318.25
2023-11-06,43619.3984
2023-11-07,43737.8984
2023-11-08,43658.6484
2023-11-09,43683.6016
2023-11-10,43820.1016
2023-11-13,43891.25
2023-11-15,44201.6992
2023-11-16,44161.5508
2023-11-17,43583.9492
2023-11-20,43584.9492
2023-11-21,43689.1484
2023-11-22,43449.6016
2023-11-23,43577.5
2023-11-24,43769.1016
2023-11-28,43880.9492
2023-11-29,44566.4492
2023-11-30,44481.75
2023-12-01,44814.1992
2023-12-04,46431.3984
2023-12-05,47012.25
2023-12-06,46834.5508
2023-12-07,46841.3984
2023-12-08,47262.0
2023-12-11,47314.25
2023-12-12,47097.5508
2023-12-13,47092.25
2023-12-14,47732.3008
2023-12-15,48143.5508
2023-12-18,47867.6992
2023-12-19,47870.8984
2023-12-20,47445.3008
2023-12-21,47840.1484
2023-12-22,47491.8516
2023-12-26,47724.8516
2023-12-27,48282.1992
2023-12-28,48508.5508
2023-12-29,48292.25
2024-01-01,48234.3008
2024-01-02,47761.6484
2024-01-03,47704.9492
2024-01-04,48195.8516
2024-01-05,48159.0
2024-01-08,47450.25
2024-01-09,47242.6484
2024-01-10,47360.8516
2024-01-11,47438.3516
2024-01-12,47709.8008
2024-01-15,48158.3008
2024-01-16,48125.1016
2024-01-17,46064.4492
2024-01-18,45713.5508
2024-01-19,45701.1484
2024-01-23,45015.0508
2024-01-24,45082.3984
2024-01-25,44866.1484
2024-01-29,45442.3516
2024-01-30,45367.75
2024-01-31,45996.8008
2024-02-01,46188.6484
2024-02-02,45970.9492
2024-02-05,45825.5508
2024-02-06,45690.8008
2024-02-07,45818.5
2024-02-08,45012.0
2024-02-09,45634.5508
2024-02-12,44882.25
2024-02-13,45502.3984
2024-02-14,45908.3008
2024-02-15,46218.8984
2024-02-16,46384.8516
2024-02-19,46535.5
2024-02-20,47094.1992
2024-02-21,47019.6992
2024-02-22,46919.8008
2024-02-23,46811.75
2024-02-26,46576.5
2024-02-27,46588.0508
2024-02-28,45963.1484
2024-02-29,46120.8984
2024-03-01,47286.8984
2024-03-04,47456.1016
2024-03-05,47581.0
2024-03-06,47965.3984
2024-03-07,47835.8008
2024-03-11,47327.8516
2024-03-12,47282.3984
2024-03-13,46981.3008
2024-03-14,46789.9492
2024-03-15,46594.1016
2024-03-18,46575.8984
2024-03-19,46384.8008
2024-03-20,46310.8984
2024-03-21,46684.8984
2024-03-22,46863.75
2024-03-26,46600.1992
2024-03-27,46785.9492
2024-03-28,47124.6016
2024-04-01,47578.25
2024-04-02,47545.4492
2024-04-03,47624.25
2024-04-04,48060.8008
2024-04-05,48493.0508
2024-04-08,48581.6992
2024-04-09,48730.5508
2024-04-10,48986.6016
2024-04-12,48564.5508
2024-04-15,47773.25
2024-04-16,47484.8008
2024-04-18,47069.4492
2024-04-19,47574.1484
2024-04-22,47924.8984
2024-04-23,47970.4492
2024-04-24,48189.0
2024-04-25,48494.9492
2024-04-26,48201.0508
2024-04-29,49424.0508
2024-04-30,49396.75
2024-05-02,49231.0508
2024-05-03,48923.5508
2024-05-06,48895.3008
2024-05-07,48285.3516
2024-05-08,48021.1016
2024-05-09,47487.8984
2024-05-10,47421.1016
2024-05-13,47754.1016
2024-05-14,47859.4492
2024-05-15,47687.4492
2024-05-16,47977.0508
2024-05-17,48115.6484
2024-05-21,48048.1992
2024-05-22,47781.9492
2024-05-23,48768.6016
2024-05-24,48971.6484
2024-05-27,49281.8008
2024-05-28,49142.1484
2024-05-29,48501.3516
2024-05-30,48682.3516
2024-05-31,48983.9492
2024-06-03,50979.9492
2024-06-04,46928.6016
2024-06-05,49054.6016
2024-06-06,49291.8984
2024-06-07,49803.1992
2024-06-10,49780.8984
2024-06-11,49705.75
2024-06-12,49895.1016
2024-06-13,49846.6992
2024-06-14,50002.0
2024-06-18,50440.8984
2024-06-19,51398.0508
2024-06-20,51783.25
2024-06-21,51661.4492
2024-06-24,51703.9492
2024-06-25,52606.0
2024-06-26,52870.5
2024-06-27,52811.3008
2024-06-28,52342.25
2024-07-01,52574.75
2024-07-02,52168.1016
2024-07-03,53089.25
2024-07-04,53103.6992
2024-07-05,52660.3516
2024-07-08,52425.8008
2024-07-09,52568.8008
2024-07-10,52189.3008
2024-07-11,52270.6484
2024-07-12,52278.8984
2024-07-15,52455.8984
2024-07-16,52396.8008
2024-07-18,52620.6992
2024-07-19,52265.6016
2024-07-22,52280.3984
2024-07-23,51778.3008
2024-07-24,51317.0
2024-07-25,50888.75
2024-07-26,51295.9492
2024-07-29,51406.25
2024-07-30,51499.3008
2024-07-31,51553.3984
2024-08-01,51564.0
2024-08-02,51350.1484
2024-08-05,50092.1016
2024-08-06,49748.3008
2024-08-07,50119.0
2024-08-08,50156.6992
2024-08-09,50484.5
2024-08-12,50577.9492
2024-08-13,49831.8516
2024-08-14,49727.3008
2024-08-16,50516.8984
2024-08-19,50368.3516
2024-08-20,50803.1484
2024-08-21,50685.5508
2024-08-22,50985.6992
2024-08-23,50933.4492
2024-08-26,51148.1016
2024-08-27,51278.75
2024-08-28,51143.8516
2024-08-29,51152.75
2024-08-30,51351.0
2024-09-02,51439.5508
2024-09-03,51689.1016
2024-09-04,51400.25
2024-09-05,51473.0508
2024-09-06,50576.8516
2024-09-09,51117.8008
2024-09-10,51272.3008
2024-09-11,51010.0
2024-09-12,51772.3984
2024-09-13,51938.0508
2024-09-16,52153.1484
2024-09-17,52188.6484
2024-09-18,52750.3984
2024-09-19,53037.6016
2024-09-20,53793.1992
2024-09-23,54105.8008
2024-09-24,53968.6016
2024-09-25,54101.6484
2024-09-26,54375.3516
2024-09-27,53834.3008
2024-09-30,52978.1016
2024-10-01,52922.6016
2024-10-03,51845.1992
2024-10-04,51462.0508
2024-10-07,50478.8984
2024-10-08,51021.0
2024-10-09,51007.0
2024-10-10,51530.8984
2024-10-11,51172.3008
2024-10-14,51816.8984
2024-10-15,51906.0
2024-10-16,51801.0508
2024-10-17,51288.8008
2024-10-18,52094.1992
2024-10-21,51962.6992
2024-10-22,51257.1484
2024-10-23,51239.0
2024-10-24,51531.1484
2024-10-25,50787.4492
2024-10-28,51259.3008
2024-10-29,52320.6992
2024-10-30,51807.5
2024-10-31,51475.3516
2024-11-01,51673.8984
2024-11-04,51215.25
2024-11-05,52207.25
2024-11-06,52317.3984
2024-11-07,51916.5
2024-11-08,51561.1992
2024-11-11,51876.75
2024-11-12,51157.8008
2024-11-13,50088.3516
2024-11-14,50179.5508
2024-11-18,50363.8008
2024-11-19,50626.5
2024-11-21,50372.8984
2024-11-22,51135.3984
2024-11-25,52207.5
2024-11-26,52191.5
2024-11-27,52301.8008
2024-11-28,51906.8516
2024-11-29,52055.6016
2024-12-02,52109.0
2024-12-03,52695.75
2024-12-04,53266.8984
2024-12-05,53603.5508
2024-12-06,53509.5
2024-12-09,53407.75
2024-12-10,53577.6992
2024-12-11,53391.3516
2024-12-12,53216.4492
2024-12-13,53583.8008
2024-12-16,53581.3516
2024-12-17,52834.8008
2024-12-18,52139.5508
2024-12-19,51575.6992
2024-12-20,50759.1992
2024-12-23,51317.6016
2024-12-24,51233.0
2024-12-26,51170.6992
2024-12-27,51311.3008
2024-12-30,50952.75
2024-12-31,50860.1992
2025-01-01,51060.6016
2025-01-02,51605.5508
2025-01-03,50988.8008
2025-01-06,49922.0
2025-01-07,50202.1484
2025-01-08,49835.0508
2025-01-09,49503.5
2025-01-10,48734.1484
2025-01-13,48041.25
2025-01-14,48729.1484
2025-01-15,48751.6992
2025-01-16,49278.6992
2025-01-17,48540.6016
2025-01-20,49350.8008
2025-01-21,48570.8984
2025-01-22,48724.3984
2025-01-23,48589.0
2025-01-24,48367.8008
2025-01-27,48064.6484
2025-01-28,48866.8516
2025-01-29,49165.9492
2025-01-30,49311.9492
2025-01-31,49587.1992
2025-02-03,49210.5508
2025-02-04,50157.9492
2025-02-05,50343.0508
2025-02-06,50382.1016
2025-02-07,50158.8516
2025-02-10,49981.0
2025-02-11,49403.3984
2025-02-12,49479.4492
2025-02-13,49359.8516
2025-02-14,49099.4492
2025-02-17,49258.8984
2025-02-18,49087.3008
2025-02-19,49570.1016
2025-02-20,49334.5508
2025-02-21,48981.1992
2025-02-24,48651.9492
2025-02-25,48608.3516
2025-02-27,48743.8008
2025-02-28,48344.6992
2025-03-03,48114.3008
2025-03-04,48245.1992
2025-03-05,48489.9492
2025-03-06,48627.6992
2025-03-07,48497.5
2025-03-10,48216.8008
2025-03-11,47853.9492
2025-03-12,48056.6484
2025-03-13,48060.3984
2025-03-17,48354.1484
2025-03-18,49314.5
2025-03-19,49702.6016
2025-03-20,50062.8516
2025-03-21,50593.5508
2025-03-24,51704.9492
2025-03-25,51607.9492
2025-03-26,51209.0
2025-03-27,51575.8516
2025-03-28,51564.8516
2025-04-01,50827.5
2025-04-02,51348.0508
2025-04-03,51597.3516
2025-04-04,51502.6992
2025-04-07,49860.1016
2025-04-08,50511.0
2025-04-09,50240.1484
2025-04-11,51002.3516
2025-04-15,52379.5
2025-04-16,53117.75
2025-04-17,54290.1992
2025-04-21,55304.5
2025-04-22,55647.1992
2025-04-23,55370.0508
2025-04-24,55201.3984
2025-04-25,54664.0508
2025-04-28,55432.8008
2025-04-29,55391.25
2025-04-30,55087.1484
2025-05-02,55115.3516
2025-05-05,54919.5
2025-05-06,54271.3984
2025-05-07,54610.8984
2025-05-08,54365.6484
2025-05-09,53595.25
2025-05-12,55382.8516
2025-05-13,54940.8516
2025-05-14,54801.3008
2025-05-15,55355.6016
2025-05-16,55354.8984
2025-05-19,55420.6992
2025-05-20,54877.3516
2025-05-21,55075.1016
2025-05-22,54941.3008
2025-05-23,55398.25
2025-05-26,55572.0
2025-05-27,55352.8008
2025-05-28,55417.0
2025-05-29,55546.0508
2025-05-30,55749.6992
2025-06-02,55903.3984
2025-06-03,55599.9492
2025-06-04,55676.8516
2025-06-05,55760.8516
2025-06-06,56578.3984
2025-06-09,56839.6016
2025-06-10,56629.1016
2025-06-11,56459.75
2025-06-12,56082.5508
2025-06-13,55527.3516
2025-06-16,55944.8984
2025-06-17,55714.1484
2025-06-18,55828.75
2025-06-19,55577.4492
2025-06-20,56252.8516
2025-06-23,56059.3516
2025-06-24,56461.8984
2025-06-25,56621.1484
2025-06-26,57206.6992
2025-06-27,57443.8984
2025-06-30,57312.75
2025-07-01,57459.4492
2025-07-02,56999.1992
2025-07-03,56791.9492
2025-07-04,57031.8984
2025-07-07,56949.1992
2025-07-08,57256.3008
2025-07-09,57213.5508
2025-07-10,56956.0
2025-07-11,56754.6992
2025-07-14,56765.3516
2025-07-15,57006.6484
2025-07-16,57168.9492
2025-07-17,56828.8008
2025-07-18,56283.0
2025-07-21,56952.75
2025-07-22,56756.0
2025-07-23,57210.4492
2025-07-24,57066.0508
2025-07-25,56528.8984
2025-07-28,56084.8984
2025-07-29,56222.0
2025-07-30,56150.6992
2025-07-31,55961.9492
2025-08-01,55617.6016
2025-08-04,55619.3516
2025-08-05,55360.25
2025-08-06,55411.1484
2025-08-07,55521.1484
2025-08-08,55004.8984
2025-08-11,55510.75
2025-08-12,55043.6992
2025-08-13,55181.4492
2025-08-14,55341.8516
2025-08-18,55734.8984
2025-08-19,55865.1484
2025-08-20,55698.5
2025-08-21,55755.4492
2025-08-22,55149.3984
2025-08-25,55139.3008
2025-08-26,54450.4492
2025-08-28,53820.3516
2025-08-29,53655.6484
2025-09-01,54002.4492
2025-09-02,53661.0
2025-09-03,54067.5508
2025-09-04,54075.4492
2025-09-05,54114.5508
2025-09-08,54186.8984
2025-09-09,54216.1016
2025-09-10,54536.0
2025-09-11,54669.6016
2025-09-12,54809.3008
2025-09-15,54887.8516
2025-09-16,55147.6016
2025-09-17,55493.3008
2025-09-18,55727.4492
2025-09-19,55458.8516
2025-09-22,55284.75
2025-09-23,55509.75
2025-09-24,55121.5
2025-09-25,54976.1992
2025-09-26,54389.3516
2025-09-29,54461.0
2025-09-30,54635.8516
2025-10-01,55347.9492
2025-10-03,55589.25
2025-10-06,56104.8516
2025-10-07,56239.3516
2025-10-08,56018.25
2025-10-09,56192.0508
2025-10-10,56609.75
2025-10-13,56625.0
2025-10-14,56496.4492
2025-10-15,56799.8984
2025-10-16,57422.5508
2025-10-17,57713.3516
2025-10-20,58033.1992
2025-10-21,58007.1992
2025-10-23,58078.0508
2025-10-24,57699.6016
2025-10-27,58114.25
2025-10-28,58214.1016
2025-10-29,58385.25
2025-10-30,58031.1016
2025-10-31,57776.3516
2025-11-03,58101.4492
2025-11-04,57827.0508
2025-11-06,57554.25
2025-11-07,57876.8008
2025-11-10,57937.5508
2025-11-11,58138.1484
2025-11-12,58274.6484
2025-11-13,58381.9492
2025-11-14,58517.5508
2025-11-17,58962.6992
2025-11-18,58899.25
2025-11-19,59216.0508
2025-11-20,59347.6992
2025-11-21,58867.6992
2025-11-24,58835.3516
2025-11-25,58820.3008
2025-11-26,59528.0508
2025-11-27,59737.3008
2025-11-28,59752.6992
2025-12-01,59681.3516
2025-12-02,59273.8008
2025-12-03,59348.25
2025-12-04,59288.6992
2025-12-05,59777.1992
2025-12-08,59238.5508
2025-12-09,59222.3516
2025-12-10,58960.3984
2025-12-11,59209.8516
2025-12-12,59389.9492
2025-12-15,59461.8008
2025-12-16,59034.6016
2025-12-17,58926.75
2025-12-18,58912.8516
2025-12-19,59069.1992
2025-12-22,59304.0
2025-12-23,59299.5508
2025-12-24,59183.6016
2025-12-26,59011.3516
2025-12-29,58932.3516
2025-12-30,59171.25
2025-12-31,59581.8516
2026-01-01,59711.5508
2026-01-02,60150.9492
2026-01-05,60044.1992
2026-01-06,60118.3984
2026-01-07,59990.8516
2026-01-08,59686.5
2026-01-09,59251.5508
2026-01-12,59450.5
2026-01-13,59578.8008
2026-01-14,59580.1484
2026-01-16,60095.1484
2026-01-19,59891.3516
2026-01-20,59404.1992
2026-01-21,58800.3008
2026-01-22,59200.1016
2026-01-23,58473.1016
2026-01-27,59205.4492
2026-01-28,59598.8008
2026-01-29,59957.8516
2026-01-30,59610.4492
2026-02-02,58619.0
2026-02-03,60041.3008
2026-02-04,60238.1484
2026-02-05,60063.6484
2026-02-06,60120.5508
2026-02-09,60669.3516
2026-02-10,60626.3984
2026-02-11,60745.3516
2026-02-12,60739.75
2026-02-13,60186.6484
2026-02-16,60949.1016
2026-02-17,61174.0
2026-02-18,61550.8008
2026-02-19,60739.5508
2026-02-20,61172.0
2026-02-23,61264.25
2026-02-24,61047.3008
2026-02-25,61043.3516
2026-02-26,61187.6992
2026-02-27,60529.0
2026-03-02,59839.6484
2026-03-04,58755.25
2026-03-05,59055.8516
2026-03-06,57783.25
2026-03-09,56019.8008
2026-03-10,56950.8008
2026-03-11,55735.75
2026-03-12,55100.9492
2026-03-13,53757.8516
2026-03-16,54413.3984
2026-03-17,54876.0
2026-03-18,55326.0508
2026-03-19,53451.0
2026-03-20,53427.0508
2026-03-23,51437.75
2026-03-24,52605.6484
2026-03-25,53708.1016
2026-03-27,52274.6016
2026-03-30,50275.3516
2026-04-01,51448.6484
2026-04-02,51548.75
2026-04-06,52609.1016
2026-04-07,52716.25
2026-04-08,55703.8984
2026-04-09,54821.6992
2026-04-10,55912.75
2026-04-13,55605.0508
2026-04-15,56301.9492
2026-04-16,56086.3984
2026-04-17,56565.6992
2026-04-20,56582.3516
2026-04-21,57371.4492
2026-04-22,57124.4492
2026-04-23,56305.0
2026-04-24,56089.75
2026-04-27,56264.3008
2026-04-28,55400.3516
2026-04-29,55403.6016
2026-04-30,54863.3516
2026-05-04,54878.5
2026-05-05,54547.0508
2026-05-06,55981.0508
2026-05-07,56047.3984
2026-05-08,55310.5508
2026-05-11,54439.8984
2026-05-12,53555.1992
2026-05-13,53456.1484
2026-05-14,54128.9492
2026-05-15,53710.3516
2026-05-18,53537.0
2026-05-19,53409.1484
2026-05-20,53562.1992
2026-05-21,53439.3984
2026-05-22,54055.3516
2026-05-25,55293.6484
2026-05-26,55092.8984
2026-05-27,54853.8516
2026-05-29,54239.1992
2026-06-01,53643.1016
2026-06-02,53714.6484
2026-06-03,54185.9492
2026-06-04,54307.8516
2026-06-05,54496.25
2026-06-08,54063.75
2026-06-09,55194.5
2026-06-10,55100.3008
2026-06-11,55176.75
2026-06-12,56814.8008
2026-06-15,57198.8008
2026-06-16,57297.1484
2026-06-17,57585.0508
2026-06-18,57963.8008
2026-06-19,57685.75
2026-06-22,57935.6016
2026-06-23,57183.75
2026-06-24,58150.3516
2026-06-25,58177.0508
2026-06-29,57727.3516
2026-06-30,57542.8984
2026-07-01,58033.0508
2026-07-02,58031.6484
2026-07-03,57938.5
2026-07-06,58291.5
2026-07-07,58200.6992
2026-07-08,56742.6016
2026-07-09,57252.4492
2026-07-10,58045.8984
2026-07-13,58131.4492
2026-07-14,57462.3008
2026-07-15,57757.8516
2026-07-16,57582.25
2026-07-17,58521.3984
2026-07-20,57945.0
2026-07-21,57835.3516
2026-07-22,57126.8008
2026-07-23,56592.0
2026-07-24,56693.5
2026-07-27,57087.1992
2026-07-28,56755.6016
2026-07-29,57205.8984
2026-07-30,57147.5
2026-07-31,57264.8516
2026-08-03,58247.9492
2026-08-04,57907.1992
2026-08-05,57739.9492
2026-08-06,58063.6484
2026-08-07,57746.4492
2026-08-10,57686.9492
2026-08-11,57446.25
2026-08-12,57885.8516
2026-08-13,57635.25
2026-08-14,57491.1016
2026-08-17,57497.8008
2026-08-18,57262.3984
2026-08-19,57239.75
2026-08-20,57495.8984
2026-08-21,57761.9492
2026-08-24,57525.9492
2026-08-25,57514.1992
2026-08-26,57783.75
2026-08-27,57509.9492
2026-08-28,57496.3008
2026-08-31,58024.9492
2026-09-01,57409.6016
2026-09-02,57172.0
2026-09-03,57380.6016
2026-09-04,57369.6484
2026-09-07,57088.3008
2026-09-08,56777.5508
2026-09-09,56295.5508
2026-09-10,56471.9492
2026-09-11,56606.5508
2026-09-15,55794.75
2026-09-16,56292.4492
2026-09-17,56055.75
2026-09-18,56358.6992
